Score,Serve Team,Set Score,Game Score
0-1,CP,0,True
1-1,PEP,0,True
1-2,CP,0,True
1-3,PEP,0,True
2-3,PEP,0,True
2-4,CP,0,True
2-5,PEP,0,True
3-5,PEP,0,True
3-6,CP,0,True
4-6,PEP,0,True
4-7,CP,0,True
4-8,PEP,0,True
5-8,PEP,0,True
5-9,CP,0,True
5-10,PEP,0,True
6-10,PEP,0,True
7-10,CP,0,True
8-10,CP,0,True
8-11,CP,0,True
9-11,PEP,0,True
9-12,CP,0,True
9-13,PEP,0,True
10-13,PEP,0,True
11-13,CP,0,True
11-14,CP,0,True
12-14,PEP,0,True
12-15,CP,0,True
13-15,PEP,0,True
13-16,CP,0,True
13-17,PEP,0,True
13-18,PEP,0,True
13-19,PEP,0,True
14-19,PEP,0,True
14-20,CP,0,True
15-20,PEP,0,True
15-21,CP,0,True
15-22,PEP,0,True
16-22,PEP,0,True
17-22,CP,0,True
18-22,CP,0,True
19-22,CP,0,True
19-23,CP,0,True
19-24,PEP,0,True
20-24,PEP,0,True
20-25,CP,0,True
0-1,PEP,1,True
0-2,PEP,1,True
0-3,PEP,1,True
1-3,PEP,1,True
2-3,CP,1,True
3-3,CP,1,True
3-4,CP,1,True
4-4,PEP,1,True
4-5,CP,1,True
5-5,PEP,1,True
5-6,CP,1,True
6-6,PEP,1,True
6-7,CP,1,True
7-7,PEP,1,True
8-7,CP,1,True
8-8,CP,1,True
9-8,PEP,1,True
9-9,CP,1,True
10-9,PEP,1,True
11-9,CP,1,True
12-9,CP,1,True
12-10,CP,1,True
13-10,PEP,1,True
13-11,CP,1,True
13-12,PEP,1,True
13-13,PEP,1,True
14-13,PEP,1,True
15-13,CP,1,True
15-14,CP,1,True
16-14,PEP,1,True
17-14,CP,1,True
17-15,CP,1,True
18-15,PEP,1,True
18-16,CP,1,True
19-16,PEP,1,True
20-16,CP,1,True
20-17,CP,1,True
21-17,PEP,1,True
22-17,CP,1,True
22-18,CP,1,True
22-19,PEP,1,True
22-20,PEP,1,True
23-20,PEP,1,True
23-21,CP,1,True
23-22,PEP,1,True
24-22,PEP,1,True
25-22,CP,1,True
0-1,CP,11,True
0-2,PEP,11,True
1-2,PEP,11,True
2-2,CP,11,True
3-2,CP,11,True
4-2,CP,11,True
5-2,CP,11,True
5-3,CP,11,True
5-4,PEP,11,True
6-4,PEP,11,True
6-5,CP,11,True
6-6,PEP,11,True
7-6,PEP,11,True
8-6,CP,11,True
8-7,CP,11,True
8-8,PEP,11,True
8-9,PEP,11,True
8-10,PEP,11,True
8-11,PEP,11,True
9-11,PEP,11,True
9-12,CP,11,True
10-12,PEP,11,True
10-13,CP,11,True
11-13,PEP,11,True
11-14,CP,11,True
11-15,PEP,11,True
12-15,PEP,11,True
12-16,CP,11,True
12-17,PEP,11,True
12-18,PEP,11,True
13-18,PEP,11,True
14-18,CP,11,True
14-19,CP,11,True
15-19,PEP,11,True
15-20,CP,11,True
16-20,PEP,11,True
16-21,CP,11,True
17-21,PEP,11,True
18-21,CP,11,True
19-21,CP,11,True
20-21,CP,11,True
20-22,CP,11,True
21-22,PEP,11,True
22-22,CP,11,True
22-23,CP,11,True
22-24,PEP,11,True
23-24,PEP,11,True
24-24,CP,11,True
24-25,CP,11,True
25-25,PEP,11,True
26-25,CP,11,True
27-25,CP,11,True
1-0,PEP,21,True
1-1,CP,21,True
1-2,PEP,21,True
1-3,PEP,21,True
1-4,PEP,21,True
1-5,PEP,21,True
1-6,PEP,21,True
1-7,PEP,21,True
2-7,PEP,21,True
3-7,CP,21,True
4-7,CP,21,True
5-7,CP,21,True
5-8,CP,21,True
6-8,PEP,21,True
6-9,CP,21,True
7-9,PEP,21,True
8-9,CP,21,True
9-9,CP,21,True
9-10,CP,21,True
9-11,PEP,21,True
10-11,PEP,21,True
10-12,CP,21,True
11-12,PEP,21,True
12-12,CP,21,True
13-12,CP,21,True
14-12,CP,21,True
14-13,CP,21,True
14-14,PEP,21,True
15-14,PEP,21,True
15-15,CP,21,True
16-15,PEP,21,True
16-16,CP,21,True
17-16,PEP,21,True
17-17,CP,21,True
18-17,PEP,21,True
18-18,CP,21,True
19-18,PEP,21,True
20-18,CP,21,True
21-18,CP,21,True
22-18,CP,21,True
23-18,CP,21,True
23-19,CP,21,True
24-19,PEP,21,True
24-20,CP,21,True
25-20,PEP,21,True
0-1,BU,0,True
1-1,BU,0,True
2-1,PEP,0,True
2-2,PEP,0,True
3-2,BU,0,True
4-2,PEP,0,True
4-3,PEP,0,True
5-3,BU,0,True
5-4,PEP,0,True
5-5,BU,0,True
6-5,BU,0,True
6-6,PEP,0,True
6-7,BU,0,True
7-7,BU,0,True
7-8,PEP,0,True
8-8,BU,0,True
8-9,PEP,0,True
9-9,BU,0,True
10-9,PEP,0,True
11-9,PEP,0,True
11-10,PEP,0,True
12-10,BU,0,True
12-11,PEP,0,True
13-11,BU,0,True
14-11,PEP,0,True
14-12,PEP,0,True
15-12,BU,0,True
15-13,PEP,0,True
16-13,BU,0,True
16-14,PEP,0,True
17-14,BU,0,True
17-15,PEP,0,True
18-15,BU,0,True
18-16,PEP,0,True
18-17,BU,0,True
19-17,BU,0,True
20-17,PEP,0,True
21-17,PEP,0,True
22-17,PEP,0,True
22-18,PEP,0,True
23-18,BU,0,True
23-19,PEP,0,True
23-20,BU,0,True
24-20,BU,0,True
25-20,PEP,0,True
0-1,PEP,10,True
1-1,BU,10,True
1-2,PEP,10,True
2-2,BU,10,True
3-2,PEP,10,True
4-2,PEP,10,True
5-2,PEP,10,True
6-2,PEP,10,True
6-3,PEP,10,True
6-4,BU,10,True
7-4,BU,10,True
8-4,PEP,10,True
8-5,PEP,10,True
9-5,BU,10,True
10-5,PEP,10,True
11-5,PEP,10,True
11-6,PEP,10,True
12-6,BU,10,True
12-7,PEP,10,True
13-7,BU,10,True
14-7,PEP,10,True
15-7,PEP,10,True
15-8,PEP,10,True
15-9,BU,10,True
15-10,BU,10,True
16-10,BU,10,True
16-11,PEP,10,True
17-11,BU,10,True
17-12,PEP,10,True
18-12,BU,10,True
18-13,PEP,10,True
19-13,BU,10,True
20-13,PEP,10,True
20-14,PEP,10,True
20-15,BU,10,True
21-15,BU,10,True
22-15,PEP,10,True
22-16,PEP,10,True
23-16,BU,10,True
24-16,PEP,10,True
24-17,PEP,10,True
25-17,BU,10,True
1-0,BU,20,True
2-0,PEP,20,True
2-1,PEP,20,True
3-1,BU,20,True
3-2,PEP,20,True
4-2,BU,20,True
4-3,PEP,20,True
5-3,BU,20,True
6-3,PEP,20,True
7-3,PEP,20,True
8-3,PEP,20,True
9-3,PEP,20,True
9-4,PEP,20,True
9-5,BU,20,True
10-5,BU,20,True
11-5,PEP,20,True
11-6,PEP,20,True
12-6,BU,20,True
13-6,PEP,20,True
13-7,PEP,20,True
13-8,BU,20,True
13-9,BU,20,True
14-9,BU,20,True
15-9,PEP,20,True
16-9,PEP,20,True
17-9,PEP,20,True
17-10,PEP,20,True
17-11,BU,20,True
18-11,BU,20,True
19-11,PEP,20,True
19-12,PEP,20,True
20-12,BU,20,True
20-13,PEP,20,True
21-13,BU,20,True
21-14,PEP,20,True
21-15,BU,20,True
21-16,BU,20,True
22-16,BU,20,True
22-17,PEP,20,True
23-17,BU,20,True
23-18,PEP,20,True
24-18,BU,20,True
25-18,PEP,20,True
1-0,PEP,0,False
2-0,PEP,0,False
2-1,PEP,0,False
3-1,UP,0,False
3-2,PEP,0,False
4-2,UP,0,False
5-2,PEP,0,False
5-3,PEP,0,False
6-3,UP,0,False
6-4,PEP,0,False
7-4,UP,0,False
7-5,PEP,0,False
7-6,UP,0,False
8-6,UP,0,False
8-7,PEP,0,False
8-8,UP,0,False
8-9,UP,0,False
9-9,UP,0,False
9-10,PEP,0,False
10-10,UP,0,False
10-11,PEP,0,False
11-11,UP,0,False
11-12,PEP,0,False
11-13,UP,0,False
11-14,UP,0,False
12-14,UP,0,False
12-15,PEP,0,False
12-16,UP,0,False
13-16,UP,0,False
14-16,PEP,0,False
14-17,PEP,0,False
15-17,UP,0,False
15-18,PEP,0,False
16-18,UP,0,False
16-19,PEP,0,False
17-19,UP,0,False
18-19,PEP,0,False
18-20,PEP,0,False
19-20,UP,0,False
20-20,PEP,0,False
20-21,PEP,0,False
21-21,UP,0,False
21-22,PEP,0,False
21-23,UP,0,False
22-23,UP,0,False
22-24,PEP,0,False
23-24,UP,0,False
23-25,PEP,0,False
0-1,UP,1,False
1-1,UP,1,False
1-2,PEP,1,False
1-3,UP,1,False
2-3,UP,1,False
2-4,PEP,1,False
2-5,UP,1,False
2-6,UP,1,False
3-6,UP,1,False
4-6,PEP,1,False
5-6,PEP,1,False
5-7,PEP,1,False
6-7,UP,1,False
6-8,PEP,1,False
6-9,UP,1,False
7-9,UP,1,False
7-10,PEP,1,False
7-11,UP,1,False
7-12,UP,1,False
8-12,UP,1,False
8-13,PEP,1,False
8-14,UP,1,False
9-14,UP,1,False
9-15,PEP,1,False
9-16,UP,1,False
9-17,UP,1,False
10-17,UP,1,False
11-17,PEP,1,False
11-18,PEP,1,False
11-19,UP,1,False
11-20,UP,1,False
11-21,UP,1,False
12-21,UP,1,False
13-21,PEP,1,False
14-21,PEP,1,False
15-21,PEP,1,False
16-21,PEP,1,False
16-22,PEP,1,False
17-22,UP,1,False
18-22,PEP,1,False
18-23,PEP,1,False
19-23,UP,1,False
19-24,PEP,1,False
20-24,UP,1,False
20-25,PEP,1,False
0-1,PEP,2,False
0-2,UP,2,False
1-2,UP,2,False
1-3,PEP,2,False
1-4,UP,2,False
1-5,UP,2,False
1-6,UP,2,False
2-6,UP,2,False
2-7,PEP,2,False
2-8,UP,2,False
3-8,UP,2,False
3-9,PEP,2,False
4-9,UP,2,False
4-10,PEP,2,False
5-10,UP,2,False
5-11,PEP,2,False
6-11,UP,2,False
6-12,PEP,2,False
7-12,UP,2,False
7-13,PEP,2,False
8-13,UP,2,False
9-13,PEP,2,False
9-14,PEP,2,False
10-14,UP,2,False
11-14,PEP,2,False
11-15,PEP,2,False
11-16,UP,2,False
12-16,UP,2,False
12-17,PEP,2,False
12-18,UP,2,False
12-19,UP,2,False
13-19,UP,2,False
13-20,PEP,2,False
13-21,UP,2,False
13-22,UP,2,False
13-23,UP,2,False
13-24,UP,2,False
13-25,UP,2,False
1-0,UI,0,False
1-1,UI,0,False
1-2,PEP,0,False
2-2,PEP,0,False
2-3,UI,0,False
2-4,PEP,0,False
3-4,PEP,0,False
3-5,UI,0,False
3-6,PEP,0,False
4-6,PEP,0,False
4-7,UI,0,False
5-7,PEP,0,False
6-7,UI,0,False
7-7,UI,0,False
7-8,UI,0,False
7-9,PEP,0,False
7-10,PEP,0,False
8-10,PEP,0,False
8-11,UI,0,False
8-12,PEP,0,False
9-12,PEP,0,False
9-13,UI,0,False
9-14,PEP,0,False
9-15,PEP,0,False
9-16,PEP,0,False
10-16,PEP,0,False
11-16,UI,0,False
12-16,UI,0,False
12-17,UI,0,False
13-17,PEP,0,False
13-18,UI,0,False
14-18,PEP,0,False
14-19,UI,0,False
14-20,PEP,0,False
14-21,PEP,0,False
14-22,PEP,0,False
14-23,PEP,0,False
15-23,PEP,0,False
15-24,UI,0,False
15-25,PEP,0,False
1-0,PEP,1,False
2-0,UI,1,False
2-1,UI,1,False
2-2,PEP,1,False
3-2,PEP,1,False
3-3,UI,1,False
3-4,PEP,1,False
3-5,PEP,1,False
4-5,PEP,1,False
4-6,UI,1,False
5-6,PEP,1,False
5-7,UI,1,False
5-8,PEP,1,False
5-9,PEP,1,False
6-9,PEP,1,False
7-9,UI,1,False
7-10,UI,1,False
8-10,PEP,1,False
8-11,UI,1,False
9-11,PEP,1,False
9-12,UI,1,False
10-12,PEP,1,False
10-13,UI,1,False
10-14,PEP,1,False
11-14,PEP,1,False
11-15,UI,1,False
12-15,PEP,1,False
13-15,UI,1,False
13-16,UI,1,False
14-16,PEP,1,False
15-16,UI,1,False
16-16,UI,1,False
16-17,UI,1,False
16-18,PEP,1,False
17-18,PEP,1,False
18-18,UI,1,False
18-19,UI,1,False
18-20,PEP,1,False
19-20,PEP,1,False
19-21,UI,1,False
19-22,PEP,1,False
20-22,PEP,1,False
20-23,UI,1,False
20-24,PEP,1,False
21-24,PEP,1,False
21-25,UI,1,False
0-1,UI,2,False
0-2,PEP,2,False
0-3,PEP,2,False
1-3,PEP,2,False
2-3,UI,2,False
2-4,UI,2,False
3-4,PEP,2,False
3-5,UI,2,False
4-5,PEP,2,False
5-5,UI,2,False
5-6,UI,2,False
5-7,PEP,2,False
6-7,PEP,2,False
6-8,UI,2,False
7-8,PEP,2,False
8-8,UI,2,False
8-9,UI,2,False
9-9,PEP,2,False
9-10,UI,2,False
10-10,PEP,2,False
11-10,UI,2,False
11-11,UI,2,False
12-11,PEP,2,False
12-12,UI,2,False
13-12,PEP,2,False
13-13,UI,2,False
14-13,PEP,2,False
14-14,UI,2,False
15-14,PEP,2,False
15-15,UI,2,False
15-16,PEP,2,False
16-16,PEP,2,False
16-17,UI,2,False
17-17,PEP,2,False
17-18,UI,2,False
18-18,PEP,2,False
19-18,UI,2,False
20-18,UI,2,False
21-18,UI,2,False
22-18,UI,2,False
22-19,UI,2,False
23-19,PEP,2,False
23-20,UI,2,False
24-20,PEP,2,False
24-21,UI,2,False
25-21,PEP,2,False
1-0,PEP,12,False
2-0,UI,12,False
2-1,UI,12,False
2-2,PEP,12,False
3-2,PEP,12,False
3-3,UI,12,False
4-3,PEP,12,False
4-4,UI,12,False
4-5,PEP,12,False
5-5,PEP,12,False
5-6,UI,12,False
5-7,PEP,12,False
5-8,PEP,12,False
6-8,PEP,12,False
6-9,UI,12,False
6-10,PEP,12,False
7-10,PEP,12,False
8-10,UI,12,False
9-10,UI,12,False
9-11,UI,12,False
10-11,PEP,12,False
11-11,UI,12,False
12-11,UI,12,False
12-12,UI,12,False
12-13,PEP,12,False
12-14,PEP,12,False
13-14,PEP,12,False
13-15,UI,12,False
13-16,PEP,12,False
14-16,PEP,12,False
14-17,UI,12,False
14-18,PEP,12,False
14-19,PEP,12,False
14-20,PEP,12,False
14-21,PEP,12,False
14-22,PEP,12,False
14-23,PEP,12,False
14-24,PEP,12,False
15-24,PEP,12,False
15-25,UI,12,False
0-1,UNT,0,False
1-1,PEP,0,False
1-2,UNT,0,False
1-3,PEP,0,False
1-4,PEP,0,False
1-5,PEP,0,False
2-5,PEP,0,False
2-6,UNT,0,False
2-7,PEP,0,False
2-8,PEP,0,False
3-8,PEP,0,False
3-9,UNT,0,False
4-9,PEP,0,False
4-10,UNT,0,False
4-11,PEP,0,False
5-11,PEP,0,False
5-12,UNT,0,False
6-12,PEP,0,False
6-13,UNT,0,False
7-13,PEP,0,False
8-13,UNT,0,False
9-13,UNT,0,False
9-14,UNT,0,False
9-15,PEP,0,False
10-15,PEP,0,False
10-16,UNT,0,False
10-17,PEP,0,False
10-18,PEP,0,False
11-18,PEP,0,False
11-19,UNT,0,False
11-20,PEP,0,False
11-21,PEP,0,False
12-21,PEP,0,False
12-22,UNT,0,False
12-23,PEP,0,False
12-24,PEP,0,False
12-25,PEP,0,False
1-0,PEP,1,False
2-0,UNT,1,False
2-1,UNT,1,False
2-2,PEP,1,False
3-2,PEP,1,False
3-3,UNT,1,False
4-3,PEP,1,False
5-3,UNT,1,False
5-4,UNT,1,False
6-4,PEP,1,False
6-5,UNT,1,False
7-5,PEP,1,False
7-6,UNT,1,False
8-6,PEP,1,False
8-7,UNT,1,False
8-8,PEP,1,False
8-9,PEP,1,False
9-9,PEP,1,False
9-10,UNT,1,False
10-10,PEP,1,False
10-11,UNT,1,False
11-11,PEP,1,False
11-12,UNT,1,False
12-12,PEP,1,False
13-12,UNT,1,False
13-13,UNT,1,False
14-13,PEP,1,False
14-14,UNT,1,False
15-14,PEP,1,False
15-15,UNT,1,False
16-15,PEP,1,False
16-16,UNT,1,False
16-17,PEP,1,False
17-17,PEP,1,False
17-18,UNT,1,False
17-19,PEP,1,False
17-20,PEP,1,False
17-21,PEP,1,False
18-21,PEP,1,False
18-22,UNT,1,False
18-23,PEP,1,False
18-24,PEP,1,False
18-25,PEP,1,False
0-1,UNT,2,False
0-2,PEP,2,False
1-2,PEP,2,False
1-3,UNT,2,False
2-3,PEP,2,False
3-3,UNT,2,False
3-4,UNT,2,False
3-5,PEP,2,False
3-6,PEP,2,False
4-6,PEP,2,False
5-6,UNT,2,False
5-7,UNT,2,False
5-8,PEP,2,False
6-8,PEP,2,False
7-8,UNT,2,False
8-8,UNT,2,False
9-8,UNT,2,False
9-9,UNT,2,False
9-10,PEP,2,False
10-10,PEP,2,False
11-10,UNT,2,False
11-11,UNT,2,False
11-12,PEP,2,False
11-13,PEP,2,False
12-13,PEP,2,False
12-14,UNT,2,False
13-14,PEP,2,False
13-15,UNT,2,False
13-16,PEP,2,False
13-17,PEP,2,False
14-17,PEP,2,False
15-17,UNT,2,False
15-18,UNT,2,False
15-19,PEP,2,False
15-20,PEP,2,False
16-20,PEP,2,False
17-20,UNT,2,False
18-20,UNT,2,False
19-20,UNT,2,False
19-21,UNT,2,False
20-21,PEP,2,False
20-22,UNT,2,False
20-23,PEP,2,False
20-24,PEP,2,False
21-24,PEP,2,False
22-24,UNT,2,False
22-25,UNT,2,False
1-0,PEP,0,False
2-0,CSUN,0,False
2-1,CSUN,0,False
3-1,PEP,0,False
3-2,CSUN,0,False
3-3,PEP,0,False
4-3,PEP,0,False
4-4,CSUN,0,False
4-5,PEP,0,False
5-5,PEP,0,False
5-6,CSUN,0,False
5-7,PEP,0,False
6-7,PEP,0,False
6-8,CSUN,0,False
7-8,PEP,0,False
7-9,CSUN,0,False
8-9,PEP,0,False
8-10,CSUN,0,False
8-11,PEP,0,False
9-11,PEP,0,False
9-12,CSUN,0,False
10-12,PEP,0,False
10-13,CSUN,0,False
11-13,PEP,0,False
11-14,CSUN,0,False
11-15,PEP,0,False
11-16,PEP,0,False
12-16,PEP,0,False
12-17,CSUN,0,False
13-17,PEP,0,False
14-17,CSUN,0,False
14-18,CSUN,0,False
14-19,PEP,0,False
14-20,PEP,0,False
14-21,PEP,0,False
14-22,PEP,0,False
14-23,PEP,0,False
14-24,PEP,0,False
14-25,PEP,0,False
1-0,CSUN,1,False
1-1,CSUN,1,False
1-2,PEP,1,False
2-2,PEP,1,False
2-3,CSUN,1,False
2-4,PEP,1,False
3-4,PEP,1,False
3-5,CSUN,1,False
3-6,PEP,1,False
4-6,PEP,1,False
4-7,CSUN,1,False
4-8,PEP,1,False
4-9,PEP,1,False
5-9,PEP,1,False
5-10,CSUN,1,False
6-10,PEP,1,False
7-10,CSUN,1,False
7-11,CSUN,1,False
8-11,PEP,1,False
8-12,CSUN,1,False
9-12,PEP,1,False
9-13,CSUN,1,False
10-13,PEP,1,False
10-14,CSUN,1,False
10-15,PEP,1,False
10-16,PEP,1,False
10-17,PEP,1,False
11-17,PEP,1,False
11-18,CSUN,1,False
12-18,PEP,1,False
12-19,CSUN,1,False
13-19,PEP,1,False
14-19,CSUN,1,False
14-20,CSUN,1,False
15-20,PEP,1,False
15-21,CSUN,1,False
16-21,PEP,1,False
16-22,CSUN,1,False
17-22,PEP,1,False
17-23,CSUN,1,False
17-24,PEP,1,False
17-25,PEP,1,False
1-0,PEP,2,False
2-0,CSUN,2,False
3-0,CSUN,2,False
3-1,CSUN,2,False
3-2,PEP,2,False
4-2,PEP,2,False
5-2,CSUN,2,False
5-3,CSUN,2,False
6-3,PEP,2,False
6-4,CSUN,2,False
7-4,PEP,2,False
7-5,CSUN,2,False
8-5,PEP,2,False
8-6,CSUN,2,False
9-6,PEP,2,False
10-6,CSUN,2,False
10-7,CSUN,2,False
10-8,PEP,2,False
11-8,PEP,2,False
11-9,CSUN,2,False
12-9,CSUN,2,False
13-9,PEP,2,False
14-9,CSUN,2,False
14-10,CSUN,2,False
15-10,PEP,2,False
15-11,CSUN,2,False
16-11,PEP,2,False
17-11,CSUN,2,False
17-12,CSUN,2,False
18-12,PEP,2,False
18-13,CSUN,2,False
18-14,PEP,2,False
19-14,PEP,2,False
20-14,CSUN,2,False
20-15,CSUN,2,False
20-16,PEP,2,False
21-16,PEP,2,False
21-17,CSUN,2,False
21-18,PEP,2,False
22-18,PEP,2,False
22-19,CSUN,2,False
23-19,PEP,2,False
24-19,CSUN,2,False
25-19,CSUN,2,False
0-1,CSUN,12,False
1-1,PEP,12,False
1-2,CSUN,12,False
1-3,PEP,12,False
2-3,PEP,12,False
2-4,CSUN,12,False
3-4,PEP,12,False
3-5,CSUN,12,False
3-6,PEP,12,False
3-7,PEP,12,False
3-8,PEP,12,False
4-8,PEP,12,False
4-9,CSUN,12,False
4-10,PEP,12,False
5-10,PEP,12,False
5-11,CSUN,12,False
5-12,PEP,12,False
6-12,PEP,12,False
6-13,CSUN,12,False
6-14,PEP,12,False
6-15,PEP,12,False
7-15,PEP,12,False
7-16,CSUN,12,False
7-17,PEP,12,False
7-18,PEP,12,False
7-19,PEP,12,False
8-19,PEP,12,False
8-20,CSUN,12,False
9-20,PEP,12,False
9-21,CSUN,12,False
9-22,PEP,12,False
10-22,PEP,12,False
10-23,CSUN,12,False
10-24,PEP,12,False
10-25,PEP,12,False
1-0,TAMU,0,False
2-0,PEP,0,False
3-0,PEP,0,False
3-1,PEP,0,False
3-2,TAMU,0,False
4-2,TAMU,0,False
4-3,PEP,0,False
4-4,TAMU,0,False
5-4,TAMU,0,False
6-4,PEP,0,False
6-5,PEP,0,False
6-6,TAMU,0,False
7-6,TAMU,0,False
7-7,PEP,0,False
7-8,TAMU,0,False
8-8,TAMU,0,False
9-8,PEP,0,False
10-8,PEP,0,False
10-9,PEP,0,False
11-9,TAMU,0,False
11-10,PEP,0,False
12-10,TAMU,0,False
13-10,PEP,0,False
13-11,PEP,0,False
13-12,TAMU,0,False
13-13,TAMU,0,False
13-14,TAMU,0,False
14-14,TAMU,0,False
14-15,PEP,0,False
15-15,TAMU,0,False
15-16,PEP,0,False
15-17,TAMU,0,False
15-18,TAMU,0,False
16-18,TAMU,0,False
16-19,PEP,0,False
16-20,TAMU,0,False
17-20,TAMU,0,False
17-21,PEP,0,False
18-21,TAMU,0,False
18-22,PEP,0,False
19-22,TAMU,0,False
20-22,PEP,0,False
20-23,PEP,0,False
20-24,TAMU,0,False
20-25,TAMU,0,False
1-0,PEP,1,False
1-1,PEP,1,False
2-1,TAMU,1,False
2-2,PEP,1,False
2-3,TAMU,1,False
3-3,TAMU,1,False
4-3,PEP,1,False
5-3,PEP,1,False
6-3,PEP,1,False
6-4,PEP,1,False
6-5,TAMU,1,False
6-6,TAMU,1,False
6-7,TAMU,1,False
7-7,TAMU,1,False
7-8,PEP,1,False
8-8,TAMU,1,False
9-8,PEP,1,False
9-9,PEP,1,False
10-9,TAMU,1,False
10-10,PEP,1,False
11-10,TAMU,1,False
11-11,PEP,1,False
11-12,TAMU,1,False
11-13,TAMU,1,False
12-13,TAMU,1,False
13-13,PEP,1,False
13-14,PEP,1,False
14-14,TAMU,1,False
15-14,PEP,1,False
15-15,PEP,1,False
16-15,TAMU,1,False
16-16,PEP,1,False
16-17,TAMU,1,False
17-17,TAMU,1,False
17-18,PEP,1,False
17-19,TAMU,1,False
17-20,TAMU,1,False
17-21,TAMU,1,False
18-21,TAMU,1,False
18-22,PEP,1,False
18-23,TAMU,1,False
18-24,TAMU,1,False
18-25,TAMU,1,False
1-0,TAMU,2,False
2-0,PEP,2,False
3-0,PEP,2,False
4-0,PEP,2,False
4-1,PEP,2,False
4-2,TAMU,2,False
5-2,TAMU,2,False
6-2,PEP,2,False
7-2,PEP,2,False
7-3,PEP,2,False
7-4,TAMU,2,False
7-5,TAMU,2,False
7-6,TAMU,2,False
8-6,TAMU,2,False
8-7,PEP,2,False
8-8,TAMU,2,False
9-8,TAMU,2,False
9-9,PEP,2,False
9-10,TAMU,2,False
10-10,TAMU,2,False
10-11,PEP,2,False
11-11,TAMU,2,False
12-11,PEP,2,False
12-12,PEP,2,False
13-12,TAMU,2,False
13-13,PEP,2,False
13-14,TAMU,2,False
14-14,TAMU,2,False
14-15,PEP,2,False
14-16,TAMU,2,False
14-17,TAMU,2,False
15-17,TAMU,2,False
15-18,PEP,2,False
15-19,TAMU,2,False
15-20,TAMU,2,False
15-21,TAMU,2,False
16-21,TAMU,2,False
16-22,PEP,2,False
16-23,TAMU,2,False
17-23,TAMU,2,False
18-23,PEP,2,False
19-23,PEP,2,False
20-23,PEP,2,False
20-24,PEP,2,False
21-24,TAMU,2,False
22-24,PEP,2,False
22-25,PEP,2,False
0-1,MSU,0,False
0-2,PEP,0,False
1-2,PEP,0,False
1-3,MSU,0,False
2-3,PEP,0,False
2-4,MSU,0,False
2-5,PEP,0,False
2-6,PEP,0,False
3-6,PEP,0,False
3-7,MSU,0,False
4-7,PEP,0,False
4-8,MSU,0,False
5-8,PEP,0,False
6-8,MSU,0,False
6-9,MSU,0,False
6-10,PEP,0,False
7-10,PEP,0,False
7-11,MSU,0,False
7-12,PEP,0,False
8-12,PEP,0,False
8-13,MSU,0,False
8-14,PEP,0,False
8-15,PEP,0,False
8-16,PEP,0,False
8-17,PEP,0,False
9-17,PEP,0,False
9-18,MSU,0,False
10-18,PEP,0,False
10-19,MSU,0,False
11-19,PEP,0,False
11-20,MSU,0,False
12-20,PEP,0,False
13-20,MSU,0,False
14-20,MSU,0,False
14-21,MSU,0,False
14-22,PEP,0,False
14-23,PEP,0,False
15-23,PEP,0,False
15-24,MSU,0,False
15-25,PEP,0,False
0-1,PEP,1,False
0-2,PEP,1,False
1-2,PEP,1,False
2-2,MSU,1,False
2-3,MSU,1,False
2-4,PEP,1,False
3-4,PEP,1,False
3-5,MSU,1,False
4-5,PEP,1,False
5-5,MSU,1,False
5-6,MSU,1,False
5-7,PEP,1,False
5-8,PEP,1,False
5-9,PEP,1,False
5-10,PEP,1,False
5-11,PEP,1,False
6-11,PEP,1,False
7-11,MSU,1,False
8-11,MSU,1,False
8-12,MSU,1,False
8-13,PEP,1,False
8-14,PEP,1,False
9-14,PEP,1,False
9-15,MSU,1,False
10-15,PEP,1,False
11-15,MSU,1,False
11-16,MSU,1,False
11-17,PEP,1,False
11-18,PEP,1,False
11-19,PEP,1,False
11-20,PEP,1,False
12-20,PEP,1,False
12-21,MSU,1,False
13-21,PEP,1,False
14-21,MSU,1,False
14-22,MSU,1,False
14-23,PEP,1,False
15-23,PEP,1,False
16-23,MSU,1,False
16-24,MSU,1,False
16-25,PEP,1,False
0-1,MSU,2,False
0-2,PEP,2,False
1-2,PEP,2,False
2-2,MSU,2,False
3-2,MSU,2,False
3-3,MSU,2,False
3-4,PEP,2,False
4-4,PEP,2,False
4-5,MSU,2,False
5-5,PEP,2,False
5-6,MSU,2,False
6-6,PEP,2,False
6-7,MSU,2,False
7-7,PEP,2,False
7-8,MSU,2,False
7-9,PEP,2,False
8-9,PEP,2,False
8-10,MSU,2,False
9-10,PEP,2,False
10-10,MSU,2,False
11-10,MSU,2,False
11-11,MSU,2,False
11-12,PEP,2,False
11-13,PEP,2,False
12-13,PEP,2,False
13-13,MSU,2,False
13-14,MSU,2,False
13-15,PEP,2,False
13-16,PEP,2,False
13-17,PEP,2,False
13-18,PEP,2,False
14-18,PEP,2,False
14-19,MSU,2,False
14-20,PEP,2,False
14-21,PEP,2,False
14-22,PEP,2,False
14-23,PEP,2,False
15-23,PEP,2,False
16-23,MSU,2,False
16-24,MSU,2,False
17-24,PEP,2,False
18-24,MSU,2,False
18-25,MSU,2,False
1-0,NICH,0,True
2-0,PEP,0,True
3-0,PEP,0,True
4-0,PEP,0,True
5-0,PEP,0,True
5-1,PEP,0,True
6-1,NICH,0,True
7-1,PEP,0,True
7-2,PEP,0,True
8-2,NICH,0,True
9-2,PEP,0,True
9-3,PEP,0,True
9-4,NICH,0,True
10-4,NICH,0,True
11-4,PEP,0,True
12-4,PEP,0,True
13-4,PEP,0,True
14-4,PEP,0,True
14-5,PEP,0,True
15-5,NICH,0,True
15-6,PEP,0,True
16-6,NICH,0,True
17-6,PEP,0,True
17-7,PEP,0,True
18-7,NICH,0,True
19-7,PEP,0,True
19-8,PEP,0,True
20-8,NICH,0,True
21-8,PEP,0,True
21-9,PEP,0,True
22-9,NICH,0,True
23-9,PEP,0,True
24-9,PEP,0,True
24-10,PEP,0,True
25-10,NICH,0,True
1-0,PEP,10,True
1-1,PEP,10,True
1-2,NICH,10,True
1-3,NICH,10,True
1-4,NICH,10,True
2-4,NICH,10,True
3-4,PEP,10,True
4-4,PEP,10,True
5-4,PEP,10,True
6-4,PEP,10,True
6-5,PEP,10,True
7-5,NICH,10,True
7-6,PEP,10,True
8-6,NICH,10,True
9-6,PEP,10,True
10-6,PEP,10,True
11-6,PEP,10,True
12-6,PEP,10,True
12-7,PEP,10,True
13-7,NICH,10,True
13-8,PEP,10,True
14-8,NICH,10,True
15-8,PEP,10,True
16-8,PEP,10,True
17-8,PEP,10,True
18-8,PEP,10,True
18-9,PEP,10,True
19-9,NICH,10,True
19-10,PEP,10,True
20-10,NICH,10,True
20-11,PEP,10,True
20-12,NICH,10,True
20-13,NICH,10,True
21-13,NICH,10,True
22-13,PEP,10,True
23-13,PEP,10,True
23-14,PEP,10,True
24-14,NICH,10,True
24-15,PEP,10,True
25-15,NICH,10,True
1-0,NICH,20,True
2-0,PEP,20,True
2-1,PEP,20,True
3-1,NICH,20,True
3-2,PEP,20,True
4-2,NICH,20,True
5-2,PEP,20,True
6-2,PEP,20,True
6-3,PEP,20,True
6-4,NICH,20,True
7-4,NICH,20,True
8-4,PEP,20,True
9-4,PEP,20,True
10-4,PEP,20,True
11-4,PEP,20,True
12-4,PEP,20,True
12-5,PEP,20,True
13-5,NICH,20,True
13-6,PEP,20,True
14-6,NICH,20,True
14-7,PEP,20,True
14-8,NICH,20,True
14-9,NICH,20,True
14-10,NICH,20,True
15-10,NICH,20,True
16-10,PEP,20,True
17-10,PEP,20,True
17-11,PEP,20,True
18-11,NICH,20,True
19-11,PEP,20,True
19-12,PEP,20,True
20-12,NICH,20,True
20-13,PEP,20,True
21-13,NICH,20,True
21-14,PEP,20,True
22-14,NICH,20,True
22-15,PEP,20,True
23-15,NICH,20,True
23-16,PEP,20,True
24-16,NICH,20,True
24-17,PEP,20,True
25-17,NICH,20,True
1-0,UCI,0,False
1-1,PEP,0,False
1-2,UCI,0,False
2-2,UCI,0,False
3-2,PEP,0,False
3-3,PEP,0,False
3-4,UCI,0,False
4-4,UCI,0,False
4-5,PEP,0,False
5-5,UCI,0,False
5-6,PEP,0,False
5-7,UCI,0,False
5-8,UCI,0,False
5-9,UCI,0,False
6-9,UCI,0,False
7-9,PEP,0,False
7-10,PEP,0,False
8-10,UCI,0,False
9-10,PEP,0,False
10-10,PEP,0,False
11-10,PEP,0,False
12-10,PEP,0,False
12-11,PEP,0,False
12-12,UCI,0,False
13-12,UCI,0,False
14-12,PEP,0,False
14-13,PEP,0,False
15-13,UCI,0,False
15-14,PEP,0,False
16-14,UCI,0,False
17-14,PEP,0,False
17-15,PEP,0,False
17-16,UCI,0,False
18-16,UCI,0,False
19-16,PEP,0,False
19-17,PEP,0,False
19-18,UCI,0,False
19-19,UCI,0,False
20-19,UCI,0,False
20-20,PEP,0,False
21-20,UCI,0,False
22-20,PEP,0,False
23-20,PEP,0,False
23-21,PEP,0,False
24-21,UCI,0,False
25-21,PEP,0,False
0-1,PEP,10,False
0-2,UCI,10,False
0-3,UCI,10,False
1-3,UCI,10,False
2-3,PEP,10,False
2-4,PEP,10,False
3-4,UCI,10,False
4-4,PEP,10,False
4-5,PEP,10,False
5-5,UCI,10,False
5-6,PEP,10,False
5-7,UCI,10,False
6-7,UCI,10,False
7-7,PEP,10,False
7-8,PEP,10,False
8-8,UCI,10,False
9-8,PEP,10,False
10-8,PEP,10,False
11-8,PEP,10,False
11-9,PEP,10,False
12-9,UCI,10,False
12-10,PEP,10,False
12-11,UCI,10,False
13-11,UCI,10,False
13-12,PEP,10,False
14-12,UCI,10,False
14-13,PEP,10,False
14-14,UCI,10,False
14-15,UCI,10,False
14-16,UCI,10,False
15-16,UCI,10,False
16-16,PEP,10,False
16-17,PEP,10,False
16-18,UCI,10,False
17-18,UCI,10,False
18-18,PEP,10,False
18-19,PEP,10,False
18-20,UCI,10,False
19-20,UCI,10,False
19-21,PEP,10,False
20-21,UCI,10,False
21-21,PEP,10,False
21-22,PEP,10,False
21-23,UCI,10,False
21-24,UCI,10,False
22-24,UCI,10,False
22-25,PEP,10,False
0-1,UCI,11,False
0-2,UCI,11,False
0-3,UCI,11,False
1-3,UCI,11,False
1-4,PEP,11,False
1-5,UCI,11,False
1-6,UCI,11,False
1-7,UCI,11,False
2-7,UCI,11,False
2-8,PEP,11,False
2-9,UCI,11,False
2-10,UCI,11,False
3-10,UCI,11,False
3-11,PEP,11,False
3-12,UCI,11,False
4-12,UCI,11,False
4-13,PEP,11,False
5-13,UCI,11,False
5-14,PEP,11,False
6-14,UCI,11,False
7-14,PEP,11,False
8-14,PEP,11,False
9-14,PEP,11,False
9-15,PEP,11,False
9-16,UCI,11,False
10-16,UCI,11,False
10-17,PEP,11,False
11-17,UCI,11,False
11-18,PEP,11,False
12-18,UCI,11,False
13-18,PEP,11,False
14-18,PEP,11,False
14-19,PEP,11,False
15-19,UCI,11,False
15-20,PEP,11,False
15-21,UCI,11,False
15-22,UCI,11,False
16-22,UCI,11,False
17-22,PEP,11,False
18-22,PEP,11,False
18-23,PEP,11,False
19-23,UCI,11,False
19-24,PEP,11,False
19-25,UCI,11,False
1-0,PEP,12,False
1-1,PEP,12,False
2-1,UCI,12,False
2-2,PEP,12,False
2-3,UCI,12,False
2-4,UCI,12,False
2-5,UCI,12,False
2-6,UCI,12,False
3-6,UCI,12,False
3-7,PEP,12,False
4-7,UCI,12,False
4-8,PEP,12,False
4-9,UCI,12,False
4-10,UCI,12,False
5-10,UCI,12,False
5-11,PEP,12,False
6-11,UCI,12,False
6-12,PEP,12,False
7-12,UCI,12,False
7-13,PEP,12,False
8-13,UCI,12,False
8-14,PEP,12,False
9-14,UCI,12,False
9-15,PEP,12,False
10-15,UCI,12,False
10-16,PEP,12,False
11-16,UCI,12,False
11-17,PEP,12,False
12-17,UCI,12,False
12-18,PEP,12,False
13-18,UCI,12,False
14-18,PEP,12,False
15-18,PEP,12,False
16-18,PEP,12,False
17-18,PEP,12,False
17-19,PEP,12,False
18-19,UCI,12,False
18-20,PEP,12,False
19-20,UCI,12,False
19-21,PEP,12,False
19-22,UCI,12,False
20-22,UCI,12,False
20-23,PEP,12,False
21-23,UCI,12,False
21-24,PEP,12,False
22-24,UCI,12,False
22-25,PEP,12,False
1-0,PEP,0,True
2-0,PEP,0,True
2-1,PEP,0,True
2-2,POR,0,True
3-2,POR,0,True
4-2,PEP,0,True
5-2,PEP,0,True
5-3,PEP,0,True
6-3,POR,0,True
7-3,PEP,0,True
7-4,PEP,0,True
8-4,POR,0,True
9-4,PEP,0,True
9-5,PEP,0,True
9-6,POR,0,True
10-6,POR,0,True
10-7,PEP,0,True
10-8,POR,0,True
11-8,POR,0,True
12-8,PEP,0,True
13-8,PEP,0,True
13-9,PEP,0,True
14-9,POR,0,True
15-9,PEP,0,True
15-10,PEP,0,True
15-11,POR,0,True
15-12,POR,0,True
15-13,POR,0,True
15-14,POR,0,True
16-14,POR,0,True
16-15,PEP,0,True
17-15,POR,0,True
18-15,PEP,0,True
19-15,PEP,0,True
19-16,PEP,0,True
20-16,POR,0,True
21-16,PEP,0,True
21-17,PEP,0,True
22-17,POR,0,True
22-18,PEP,0,True
23-18,POR,0,True
23-19,PEP,0,True
23-20,POR,0,True
23-21,POR,0,True
23-22,POR,0,True
24-22,POR,0,True
25-22,PEP,0,True
1-0,POR,10,True
1-1,PEP,10,True
2-1,POR,10,True
3-1,PEP,10,True
4-1,PEP,10,True
5-1,PEP,10,True
5-2,PEP,10,True
5-3,POR,10,True
6-3,POR,10,True
7-3,PEP,10,True
8-3,PEP,10,True
9-3,PEP,10,True
9-4,PEP,10,True
10-4,POR,10,True
11-4,PEP,10,True
12-4,PEP,10,True
12-5,PEP,10,True
12-6,POR,10,True
13-6,POR,10,True
14-6,PEP,10,True
14-7,PEP,10,True
15-7,POR,10,True
15-8,PEP,10,True
16-8,POR,10,True
16-9,PEP,10,True
17-9,POR,10,True
17-10,PEP,10,True
17-11,POR,10,True
17-12,POR,10,True
17-13,POR,10,True
18-13,POR,10,True
19-13,PEP,10,True
19-14,PEP,10,True
20-14,POR,10,True
20-15,PEP,10,True
20-16,POR,10,True
21-16,POR,10,True
21-17,PEP,10,True
22-17,POR,10,True
22-18,PEP,10,True
23-18,POR,10,True
23-19,PEP,10,True
23-20,POR,10,True
24-20,POR,10,True
24-21,PEP,10,True
25-21,POR,10,True
1-0,PEP,20,True
1-1,PEP,20,True
2-1,POR,20,True
3-1,PEP,20,True
4-1,PEP,20,True
5-1,PEP,20,True
6-1,PEP,20,True
7-1,PEP,20,True
8-1,PEP,20,True
8-2,PEP,20,True
8-3,POR,20,True
8-4,POR,20,True
9-4,POR,20,True
10-4,PEP,20,True
10-5,PEP,20,True
11-5,POR,20,True
12-5,PEP,20,True
13-5,PEP,20,True
13-6,PEP,20,True
13-7,POR,20,True
14-7,POR,20,True
15-7,PEP,20,True
16-7,PEP,20,True
16-8,PEP,20,True
16-9,POR,20,True
17-9,POR,20,True
17-10,PEP,20,True
18-10,POR,20,True
19-10,PEP,20,True
19-11,PEP,20,True
19-12,POR,20,True
20-12,POR,20,True
20-13,PEP,20,True
21-13,POR,20,True
21-14,PEP,20,True
22-14,POR,20,True
22-15,PEP,20,True
22-16,POR,20,True
23-16,POR,20,True
23-17,PEP,20,True
23-18,POR,20,True
24-18,POR,20,True
24-19,PEP,20,True
25-19,POR,20,True
1-0,GON,0,True
1-1,PEP,0,True
1-2,GON,0,True
1-3,GON,0,True
1-4,GON,0,True
2-4,GON,0,True
2-5,PEP,0,True
3-5,GON,0,True
4-5,PEP,0,True
5-5,PEP,0,True
5-6,PEP,0,True
5-7,GON,0,True
6-7,GON,0,True
7-7,PEP,0,True
7-8,PEP,0,True
8-8,GON,0,True
8-9,PEP,0,True
8-10,GON,0,True
9-10,GON,0,True
10-10,PEP,0,True
10-11,PEP,0,True
10-12,GON,0,True
10-13,GON,0,True
11-13,GON,0,True
12-13,PEP,0,True
13-13,PEP,0,True
13-14,PEP,0,True
13-15,GON,0,True
13-16,GON,0,True
13-17,GON,0,True
14-17,GON,0,True
14-18,PEP,0,True
15-18,GON,0,True
15-19,PEP,0,True
15-20,GON,0,True
16-20,GON,0,True
16-21,PEP,0,True
17-21,GON,0,True
17-22,PEP,0,True
17-23,GON,0,True
17-24,GON,0,True
17-25,GON,0,True
0-1,PEP,1,True
1-1,GON,1,True
1-2,PEP,1,True
2-2,GON,1,True
2-3,PEP,1,True
3-3,GON,1,True
4-3,PEP,1,True
5-3,PEP,1,True
6-3,PEP,1,True
6-4,PEP,1,True
6-5,GON,1,True
7-5,GON,1,True
8-5,PEP,1,True
8-6,PEP,1,True
9-6,GON,1,True
10-6,PEP,1,True
11-6,PEP,1,True
12-6,PEP,1,True
12-7,PEP,1,True
13-7,GON,1,True
13-8,PEP,1,True
13-9,GON,1,True
14-9,GON,1,True
15-9,PEP,1,True
16-9,PEP,1,True
16-10,PEP,1,True
17-10,GON,1,True
17-11,PEP,1,True
17-12,GON,1,True
18-12,GON,1,True
19-12,PEP,1,True
19-13,PEP,1,True
20-13,GON,1,True
20-14,PEP,1,True
21-14,GON,1,True
22-14,PEP,1,True
23-14,PEP,1,True
23-15,PEP,1,True
24-15,GON,1,True
25-15,PEP,1,True
1-0,GON,11,True
2-0,PEP,11,True
2-1,PEP,11,True
3-1,GON,11,True
3-2,PEP,11,True
3-3,GON,11,True
4-3,GON,11,True
4-4,PEP,11,True
5-4,GON,11,True
5-5,PEP,11,True
6-5,GON,11,True
6-6,PEP,11,True
7-6,GON,11,True
7-7,PEP,11,True
7-8,GON,11,True
7-9,GON,11,True
8-9,GON,11,True
9-9,PEP,11,True
9-10,PEP,11,True
10-10,GON,11,True
10-11,PEP,11,True
11-11,GON,11,True
12-11,PEP,11,True
13-11,PEP,11,True
13-12,PEP,11,True
14-12,GON,11,True
14-13,PEP,11,True
14-14,GON,11,True
15-14,GON,11,True
15-15,PEP,11,True
16-15,GON,11,True
17-15,PEP,11,True
18-15,PEP,11,True
19-15,PEP,11,True
20-15,PEP,11,True
21-15,PEP,11,True
21-16,PEP,11,True
22-16,GON,11,True
22-17,PEP,11,True
23-17,GON,11,True
24-17,PEP,11,True
24-18,PEP,11,True
24-19,GON,11,True
25-19,GON,11,True
1-0,PEP,21,True
1-1,PEP,21,True
2-1,GON,21,True
3-1,PEP,21,True
4-1,PEP,21,True
4-2,PEP,21,True
5-2,GON,21,True
5-3,PEP,21,True
5-4,GON,21,True
6-4,GON,21,True
7-4,PEP,21,True
7-5,PEP,21,True
8-5,GON,21,True
9-5,PEP,21,True
10-5,PEP,21,True
10-6,PEP,21,True
11-6,GON,21,True
11-7,PEP,21,True
12-7,GON,21,True
13-7,PEP,21,True
14-7,PEP,21,True
14-8,PEP,21,True
15-8,GON,21,True
16-8,PEP,21,True
17-8,PEP,21,True
18-8,PEP,21,True
18-9,PEP,21,True
19-9,GON,21,True
19-10,PEP,21,True
20-10,GON,21,True
20-11,PEP,21,True
21-11,GON,21,True
22-11,PEP,21,True
22-12,PEP,21,True
22-13,GON,21,True
23-13,GON,21,True
24-13,PEP,21,True
24-14,PEP,21,True
24-15,GON,21,True
24-16,GON,21,True
24-17,GON,21,True
24-18,GON,21,True
25-18,GON,21,True
0-1,BYU,0,True
0-2,PEP,0,True
1-2,PEP,0,True
2-2,BYU,0,True
3-2,BYU,0,True
4-2,BYU,0,True
5-2,BYU,0,True
6-2,BYU,0,True
7-2,BYU,0,True
7-3,BYU,0,True
8-3,PEP,0,True
9-3,BYU,0,True
10-3,BYU,0,True
10-4,BYU,0,True
11-4,PEP,0,True
11-5,BYU,0,True
11-6,PEP,0,True
12-6,PEP,0,True
13-6,BYU,0,True
13-7,BYU,0,True
14-7,PEP,0,True
14-8,BYU,0,True
15-8,PEP,0,True
16-8,BYU,0,True
16-9,BYU,0,True
17-9,PEP,0,True
18-9,BYU,0,True
18-10,BYU,0,True
19-10,PEP,0,True
20-10,BYU,0,True
20-11,BYU,0,True
21-11,PEP,0,True
21-12,BYU,0,True
22-12,PEP,0,True
23-12,BYU,0,True
23-13,BYU,0,True
23-14,PEP,0,True
24-14,PEP,0,True
24-15,BYU,0,True
25-15,PEP,0,True
1-0,PEP,10,True
1-1,BYU,10,True
2-1,PEP,10,True
2-2,BYU,10,True
3-2,PEP,10,True
3-3,BYU,10,True
4-3,PEP,10,True
5-3,BYU,10,True
6-3,BYU,10,True
6-4,BYU,10,True
7-4,PEP,10,True
7-5,BYU,10,True
7-6,PEP,10,True
7-7,PEP,10,True
7-8,PEP,10,True
8-8,PEP,10,True
8-9,BYU,10,True
9-9,PEP,10,True
9-10,BYU,10,True
10-10,PEP,10,True
10-11,BYU,10,True
10-12,PEP,10,True
11-12,PEP,10,True
12-12,BYU,10,True
13-12,BYU,10,True
13-13,BYU,10,True
14-13,PEP,10,True
15-13,BYU,10,True
15-14,BYU,10,True
16-14,PEP,10,True
17-14,BYU,10,True
18-14,BYU,10,True
18-15,BYU,10,True
19-15,PEP,10,True
20-15,BYU,10,True
20-16,BYU,10,True
21-16,PEP,10,True
21-17,BYU,10,True
22-17,PEP,10,True
22-18,BYU,10,True
23-18,PEP,10,True
24-18,BYU,10,True
25-18,BYU,10,True
0-1,BYU,20,True
0-2,PEP,20,True
1-2,PEP,20,True
1-3,BYU,20,True
2-3,PEP,20,True
2-4,BYU,20,True
3-4,PEP,20,True
3-5,BYU,20,True
4-5,PEP,20,True
5-5,BYU,20,True
5-6,BYU,20,True
5-7,PEP,20,True
6-7,PEP,20,True
7-7,BYU,20,True
7-8,BYU,20,True
8-8,PEP,20,True
8-9,BYU,20,True
9-9,PEP,20,True
10-9,BYU,20,True
10-10,BYU,20,True
11-10,PEP,20,True
11-11,BYU,20,True
11-12,PEP,20,True
12-12,PEP,20,True
12-13,BYU,20,True
13-13,PEP,20,True
13-14,BYU,20,True
14-14,PEP,20,True
15-14,BYU,20,True
15-15,BYU,20,True
16-15,PEP,20,True
17-15,BYU,20,True
17-16,BYU,20,True
18-16,PEP,20,True
19-16,BYU,20,True
19-17,BYU,20,True
19-18,PEP,20,True
20-18,PEP,20,True
20-19,BYU,20,True
20-20,PEP,20,True
21-20,PEP,20,True
22-20,BYU,20,True
22-21,BYU,20,True
23-21,PEP,20,True
24-21,BYU,20,True
25-21,BYU,20,True
0-1,PEP,0,True
1-1,USF,0,True
2-1,PEP,0,True
2-2,PEP,0,True
3-2,USF,0,True
3-3,PEP,0,True
4-3,USF,0,True
4-4,PEP,0,True
5-4,USF,0,True
6-4,PEP,0,True
6-5,PEP,0,True
7-5,USF,0,True
7-6,PEP,0,True
7-7,USF,0,True
7-8,USF,0,True
8-8,USF,0,True
9-8,PEP,0,True
9-9,PEP,0,True
10-9,USF,0,True
10-10,PEP,0,True
11-10,USF,0,True
11-11,PEP,0,True
12-11,USF,0,True
12-12,PEP,0,True
13-12,USF,0,True
13-13,PEP,0,True
14-13,USF,0,True
15-13,PEP,0,True
15-14,PEP,0,True
16-14,USF,0,True
17-14,PEP,0,True
18-14,PEP,0,True
18-15,PEP,0,True
18-16,USF,0,True
19-16,USF,0,True
20-16,PEP,0,True
20-17,PEP,0,True
21-17,USF,0,True
22-17,PEP,0,True
22-18,PEP,0,True
23-18,USF,0,True
23-19,PEP,0,True
24-19,USF,0,True
25-19,PEP,0,True
1-0,USF,10,True
2-0,PEP,10,True
2-1,PEP,10,True
3-1,USF,10,True
3-2,PEP,10,True
4-2,USF,10,True
4-3,PEP,10,True
4-4,USF,10,True
4-5,USF,10,True
5-5,USF,10,True
5-6,PEP,10,True
5-7,USF,10,True
5-8,USF,10,True
6-8,USF,10,True
6-9,PEP,10,True
6-10,USF,10,True
7-10,USF,10,True
7-11,PEP,10,True
8-11,USF,10,True
8-12,PEP,10,True
8-13,USF,10,True
9-13,USF,10,True
9-14,PEP,10,True
10-14,USF,10,True
11-14,PEP,10,True
11-15,PEP,10,True
12-15,USF,10,True
12-16,PEP,10,True
13-16,USF,10,True
13-17,PEP,10,True
14-17,USF,10,True
14-18,PEP,10,True
15-18,USF,10,True
15-19,PEP,10,True
16-19,USF,10,True
16-20,PEP,10,True
17-20,USF,10,True
17-21,PEP,10,True
17-22,USF,10,True
17-23,USF,10,True
18-23,USF,10,True
18-24,PEP,10,True
19-24,USF,10,True
19-25,PEP,10,True
1-0,PEP,11,True
2-0,PEP,11,True
2-1,PEP,11,True
3-1,USF,11,True
3-2,PEP,11,True
3-3,USF,11,True
3-4,USF,11,True
3-5,USF,11,True
4-5,USF,11,True
5-5,PEP,11,True
5-6,PEP,11,True
6-6,USF,11,True
7-6,PEP,11,True
7-7,PEP,11,True
7-8,USF,11,True
7-9,USF,11,True
7-10,USF,11,True
8-10,USF,11,True
9-10,PEP,11,True
10-10,PEP,11,True
11-10,PEP,11,True
12-10,PEP,11,True
13-10,PEP,11,True
14-10,PEP,11,True
15-10,PEP,11,True
16-10,PEP,11,True
17-10,PEP,11,True
18-10,PEP,11,True
18-11,PEP,11,True
19-11,USF,11,True
19-12,PEP,11,True
20-12,USF,11,True
20-13,PEP,11,True
20-14,USF,11,True
21-14,USF,11,True
21-15,PEP,11,True
22-15,USF,11,True
22-16,PEP,11,True
22-17,USF,11,True
23-17,USF,11,True
23-18,PEP,11,True
23-19,USF,11,True
24-19,USF,11,True
24-20,PEP,11,True
25-20,USF,11,True
1-0,USF,21,True
2-0,PEP,21,True
3-0,PEP,21,True
3-1,PEP,21,True
3-2,USF,21,True
4-2,USF,21,True
5-2,PEP,21,True
5-3,PEP,21,True
6-3,USF,21,True
7-3,PEP,21,True
7-4,PEP,21,True
8-4,USF,21,True
8-5,PEP,21,True
9-5,USF,21,True
10-5,PEP,21,True
10-6,PEP,21,True
10-7,USF,21,True
11-7,USF,21,True
12-7,PEP,21,True
13-7,PEP,21,True
14-7,PEP,21,True
14-8,PEP,21,True
15-8,USF,21,True
16-8,PEP,21,True
16-9,PEP,21,True
16-10,USF,21,True
17-10,USF,21,True
17-11,PEP,21,True
18-11,USF,21,True
19-11,PEP,21,True
20-11,PEP,21,True
20-12,PEP,21,True
21-12,USF,21,True
21-13,PEP,21,True
22-13,USF,21,True
22-14,PEP,21,True
23-14,USF,21,True
23-15,PEP,21,True
24-15,USF,21,True
25-15,PEP,21,True
1-0,SCU,0,True
1-1,PEP,0,True
1-2,SCU,0,True
2-2,SCU,0,True
2-3,PEP,0,True
3-3,SCU,0,True
3-4,PEP,0,True
3-5,SCU,0,True
4-5,SCU,0,True
4-6,PEP,0,True
5-6,SCU,0,True
5-7,PEP,0,True
5-8,SCU,0,True
5-9,SCU,0,True
5-10,SCU,0,True
6-10,SCU,0,True
6-11,PEP,0,True
7-11,SCU,0,True
7-12,PEP,0,True
8-12,SCU,0,True
8-13,PEP,0,True
9-13,SCU,0,True
10-13,PEP,0,True
11-13,PEP,0,True
12-13,PEP,0,True
12-14,PEP,0,True
12-15,SCU,0,True
13-15,SCU,0,True
14-15,PEP,0,True
14-16,PEP,0,True
14-17,SCU,0,True
14-18,SCU,0,True
15-18,SCU,0,True
15-19,PEP,0,True
16-19,SCU,0,True
16-20,PEP,0,True
17-20,SCU,0,True
18-20,PEP,0,True
19-20,PEP,0,True
19-21,PEP,0,True
20-21,SCU,0,True
21-21,PEP,0,True
22-21,PEP,0,True
22-22,PEP,0,True
23-22,SCU,0,True
24-22,PEP,0,True
24-23,PEP,0,True
24-24,SCU,0,True
24-25,SCU,0,True
25-25,SCU,0,True
26-25,PEP,0,True
26-26,PEP,0,True
27-26,SCU,0,True
28-26,PEP,0,True
1-0,PEP,10,True
2-0,PEP,10,True
3-0,PEP,10,True
4-0,PEP,10,True
5-0,PEP,10,True
6-0,PEP,10,True
7-0,PEP,10,True
7-1,PEP,10,True
8-1,SCU,10,True
9-1,PEP,10,True
10-1,PEP,10,True
11-1,PEP,10,True
12-1,PEP,10,True
13-1,PEP,10,True
14-1,PEP,10,True
15-1,PEP,10,True
16-1,PEP,10,True
17-1,PEP,10,True
17-2,PEP,10,True
18-2,SCU,10,True
18-3,PEP,10,True
19-3,SCU,10,True
19-4,PEP,10,True
19-5,SCU,10,True
20-5,SCU,10,True
21-5,PEP,10,True
21-6,PEP,10,True
22-6,SCU,10,True
22-7,PEP,10,True
23-7,SCU,10,True
23-8,PEP,10,True
24-8,SCU,10,True
25-8,PEP,10,True
0-1,SCU,20,True
1-1,SCU,20,True
1-2,PEP,20,True
1-3,SCU,20,True
2-3,SCU,20,True
3-3,PEP,20,True
3-4,PEP,20,True
4-4,SCU,20,True
4-5,PEP,20,True
4-6,SCU,20,True
5-6,SCU,20,True
6-6,PEP,20,True
7-6,PEP,20,True
7-7,PEP,20,True
8-7,SCU,20,True
8-8,PEP,20,True
8-9,SCU,20,True
9-9,SCU,20,True
10-9,PEP,20,True
11-9,PEP,20,True
12-9,PEP,20,True
12-10,PEP,20,True
12-11,SCU,20,True
13-11,SCU,20,True
14-11,PEP,20,True
15-11,PEP,20,True
15-12,PEP,20,True
15-13,SCU,20,True
15-14,SCU,20,True
16-14,SCU,20,True
16-15,PEP,20,True
16-16,SCU,20,True
17-16,SCU,20,True
17-17,PEP,20,True
17-18,SCU,20,True
17-19,SCU,20,True
18-19,SCU,20,True
18-20,PEP,20,True
19-20,SCU,20,True
19-21,PEP,20,True
20-21,SCU,20,True
21-21,PEP,20,True
21-22,PEP,20,True
22-22,SCU,20,True
22-23,PEP,20,True
22-24,SCU,20,True
23-24,SCU,20,True
24-24,PEP,20,True
25-24,PEP,20,True
25-25,PEP,20,True
26-25,SCU,20,True
27-25,PEP,20,True
0-1,PEP,0,False
1-1,PEP,0,False
1-2,PAC,0,False
1-3,PEP,0,False
2-3,PEP,0,False
3-3,PAC,0,False
4-3,PAC,0,False
4-4,PAC,0,False
4-5,PEP,0,False
5-5,PEP,0,False
6-5,PAC,0,False
6-6,PAC,0,False
6-7,PEP,0,False
7-7,PEP,0,False
8-7,PAC,0,False
8-8,PAC,0,False
8-9,PEP,0,False
8-10,PEP,0,False
8-11,PEP,0,False
8-12,PEP,0,False
9-12,PEP,0,False
9-13,PAC,0,False
10-13,PEP,0,False
10-14,PAC,0,False
11-14,PEP,0,False
11-15,PAC,0,False
12-15,PEP,0,False
13-15,PAC,0,False
14-15,PAC,0,False
14-16,PAC,0,False
14-17,PEP,0,False
15-17,PEP,0,False
15-18,PAC,0,False
16-18,PEP,0,False
16-19,PAC,0,False
17-19,PEP,0,False
17-20,PAC,0,False
17-21,PEP,0,False
17-22,PEP,0,False
18-22,PEP,0,False
18-23,PAC,0,False
19-23,PEP,0,False
19-24,PAC,0,False
20-24,PEP,0,False
20-25,PAC,0,False
0-1,PAC,1,False
1-1,PEP,1,False
2-1,PAC,1,False
2-2,PAC,1,False
2-3,PEP,1,False
2-4,PEP,1,False
3-4,PEP,1,False
3-5,PAC,1,False
3-6,PEP,1,False
3-7,PEP,1,False
3-8,PEP,1,False
3-9,PEP,1,False
4-9,PEP,1,False
5-9,PAC,1,False
6-9,PAC,1,False
7-9,PAC,1,False
8-9,PAC,1,False
8-10,PAC,1,False
9-10,PEP,1,False
9-11,PAC,1,False
10-11,PEP,1,False
10-12,PAC,1,False
10-13,PEP,1,False
11-13,PEP,1,False
11-14,PAC,1,False
11-15,PEP,1,False
12-15,PEP,1,False
13-15,PAC,1,False
13-16,PAC,1,False
14-16,PEP,1,False
14-17,PAC,1,False
14-18,PEP,1,False
15-18,PEP,1,False
15-19,PAC,1,False
16-19,PEP,1,False
17-19,PAC,1,False
17-20,PAC,1,False
18-20,PEP,1,False
18-21,PAC,1,False
19-21,PEP,1,False
19-22,PAC,1,False
19-23,PEP,1,False
19-24,PEP,1,False
20-24,PEP,1,False
20-25,PAC,1,False
0-1,PEP,2,False
1-1,PEP,2,False
1-2,PAC,2,False
2-2,PEP,2,False
2-3,PAC,2,False
3-3,PEP,2,False
3-4,PAC,2,False
4-4,PEP,2,False
5-4,PAC,2,False
6-4,PAC,2,False
6-5,PAC,2,False
7-5,PEP,2,False
8-5,PAC,2,False
8-6,PAC,2,False
9-6,PEP,2,False
10-6,PAC,2,False
10-7,PAC,2,False
11-7,PEP,2,False
11-8,PAC,2,False
11-9,PEP,2,False
12-9,PEP,2,False
13-9,PAC,2,False
14-9,PAC,2,False
15-9,PAC,2,False
15-10,PAC,2,False
16-10,PEP,2,False
17-10,PAC,2,False
18-10,PAC,2,False
18-11,PAC,2,False
19-11,PEP,2,False
20-11,PAC,2,False
21-11,PAC,2,False
21-12,PAC,2,False
22-12,PEP,2,False
23-12,PAC,2,False
23-13,PAC,2,False
23-14,PEP,2,False
23-15,PEP,2,False
24-15,PEP,2,False
24-16,PAC,2,False
24-17,PEP,2,False
25-17,PEP,2,False
0-1,PAC,12,False
0-2,PEP,12,False
1-2,PEP,12,False
2-2,PAC,12,False
2-3,PAC,12,False
3-3,PEP,12,False
3-4,PAC,12,False
4-4,PEP,12,False
4-5,PAC,12,False
4-6,PEP,12,False
4-7,PEP,12,False
4-8,PEP,12,False
5-8,PEP,12,False
5-9,PAC,12,False
5-10,PEP,12,False
5-11,PEP,12,False
5-12,PEP,12,False
5-13,PEP,12,False
6-13,PEP,12,False
7-13,PAC,12,False
7-14,PAC,12,False
7-15,PEP,12,False
7-16,PEP,12,False
8-16,PEP,12,False
8-17,PAC,12,False
8-18,PEP,12,False
9-18,PEP,12,False
9-19,PAC,12,False
9-20,PEP,12,False
10-20,PEP,12,False
10-21,PAC,12,False
10-22,PEP,12,False
10-23,PEP,12,False
11-23,PEP,12,False
11-24,PAC,12,False
11-25,PEP,12,False
0-1,SMC,0,False
0-2,PEP,0,False
1-2,PEP,0,False
1-3,SMC,0,False
2-3,PEP,0,False
2-4,SMC,0,False
3-4,PEP,0,False
4-4,SMC,0,False
4-5,SMC,0,False
4-6,PEP,0,False
5-6,PEP,0,False
5-7,SMC,0,False
6-7,PEP,0,False
6-8,SMC,0,False
7-8,PEP,0,False
7-9,SMC,0,False
8-9,PEP,0,False
8-10,SMC,0,False
8-11,PEP,0,False
9-11,PEP,0,False
9-12,SMC,0,False
10-12,PEP,0,False
11-12,SMC,0,False
11-13,SMC,0,False
12-13,PEP,0,False
12-14,SMC,0,False
13-14,PEP,0,False
13-15,SMC,0,False
14-15,PEP,0,False
14-16,SMC,0,False
14-17,PEP,0,False
15-17,PEP,0,False
15-18,SMC,0,False
15-19,PEP,0,False
16-19,PEP,0,False
16-20,SMC,0,False
17-20,PEP,0,False
17-21,SMC,0,False
17-22,PEP,0,False
17-23,PEP,0,False
18-23,PEP,0,False
19-23,SMC,0,False
20-23,SMC,0,False
20-24,SMC,0,False
20-25,PEP,0,False
0-1,PEP,1,False
0-2,PEP,1,False
0-3,PEP,1,False
1-3,PEP,1,False
2-3,SMC,1,False
2-4,SMC,1,False
3-4,PEP,1,False
4-4,SMC,1,False
5-4,SMC,1,False
6-4,SMC,1,False
6-5,SMC,1,False
6-6,PEP,1,False
6-7,PEP,1,False
7-7,PEP,1,False
7-8,SMC,1,False
7-9,PEP,1,False
8-9,PEP,1,False
8-10,SMC,1,False
8-11,PEP,1,False
9-11,PEP,1,False
9-12,SMC,1,False
9-13,PEP,1,False
10-13,PEP,1,False
10-14,SMC,1,False
10-15,PEP,1,False
10-16,PEP,1,False
10-17,PEP,1,False
11-17,PEP,1,False
12-17,SMC,1,False
12-18,SMC,1,False
12-19,PEP,1,False
13-19,PEP,1,False
13-20,SMC,1,False
13-21,PEP,1,False
13-22,PEP,1,False
14-22,PEP,1,False
14-23,SMC,1,False
14-24,PEP,1,False
15-24,PEP,1,False
15-25,SMC,1,False
0-1,SMC,2,False
0-2,PEP,2,False
0-3,PEP,2,False
0-4,PEP,2,False
1-4,PEP,2,False
1-5,SMC,2,False
2-5,PEP,2,False
2-6,SMC,2,False
2-7,PEP,2,False
3-7,PEP,2,False
4-7,SMC,2,False
4-8,SMC,2,False
5-8,PEP,2,False
5-9,SMC,2,False
6-9,PEP,2,False
6-10,SMC,2,False
6-11,PEP,2,False
7-11,PEP,2,False
8-11,SMC,2,False
8-12,SMC,2,False
9-12,PEP,2,False
10-12,SMC,2,False
10-13,SMC,2,False
10-14,PEP,2,False
11-14,PEP,2,False
11-15,SMC,2,False
12-15,PEP,2,False
12-16,SMC,2,False
12-17,PEP,2,False
12-18,PEP,2,False
12-19,PEP,2,False
13-19,PEP,2,False
14-19,SMC,2,False
14-20,SMC,2,False
15-20,PEP,2,False
15-21,SMC,2,False
16-21,PEP,2,False
17-21,SMC,2,False
17-22,SMC,2,False
18-22,PEP,2,False
19-22,SMC,2,False
19-23,SMC,2,False
19-24,PEP,2,False
19-25,PEP,2,False
0-1,PEP,0,False
1-1,PEP,0,False
2-1,LMU,0,False
2-2,LMU,0,False
3-2,PEP,0,False
4-2,LMU,0,False
4-3,LMU,0,False
4-4,PEP,0,False
5-4,PEP,0,False
5-5,LMU,0,False
5-6,PEP,0,False
6-6,PEP,0,False
6-7,LMU,0,False
7-7,PEP,0,False
7-8,LMU,0,False
7-9,PEP,0,False
7-10,PEP,0,False
8-10,PEP,0,False
8-11,LMU,0,False
9-11,PEP,0,False
9-12,LMU,0,False
10-12,PEP,0,False
10-13,LMU,0,False
10-14,PEP,0,False
10-15,PEP,0,False
10-16,PEP,0,False
11-16,PEP,0,False
12-16,LMU,0,False
13-16,LMU,0,False
13-17,LMU,0,False
14-17,PEP,0,False
14-18,LMU,0,False
14-19,PEP,0,False
14-20,PEP,0,False
15-20,PEP,0,False
15-21,LMU,0,False
16-21,PEP,0,False
17-21,LMU,0,False
17-22,LMU,0,False
18-22,PEP,0,False
18-23,LMU,0,False
18-24,PEP,0,False
18-25,PEP,0,False
1-0,LMU,1,False
1-1,LMU,1,False
1-2,PEP,1,False
1-3,PEP,1,False
2-3,PEP,1,False
2-4,LMU,1,False
3-4,PEP,1,False
3-5,LMU,1,False
3-6,PEP,1,False
4-6,PEP,1,False
4-7,LMU,1,False
4-8,PEP,1,False
4-9,PEP,1,False
4-10,PEP,1,False
4-11,PEP,1,False
5-11,PEP,1,False
5-12,LMU,1,False
6-12,PEP,1,False
6-13,LMU,1,False
7-13,PEP,1,False
7-14,LMU,1,False
8-14,PEP,1,False
8-15,LMU,1,False
9-15,PEP,1,False
9-16,LMU,1,False
10-16,PEP,1,False
11-16,LMU,1,False
12-16,LMU,1,False
12-17,LMU,1,False
13-17,PEP,1,False
13-18,LMU,1,False
13-19,PEP,1,False
13-20,PEP,1,False
13-21,PEP,1,False
13-22,PEP,1,False
14-22,PEP,1,False
14-23,LMU,1,False
15-23,PEP,1,False
16-23,LMU,1,False
17-23,LMU,1,False
17-24,LMU,1,False
18-24,PEP,1,False
18-25,LMU,1,False
0-1,PEP,2,False
1-1,PEP,2,False
2-1,LMU,2,False
2-2,LMU,2,False
2-3,PEP,2,False
2-4,PEP,2,False
2-5,PEP,2,False
3-5,PEP,2,False
3-6,LMU,2,False
4-6,PEP,2,False
4-7,LMU,2,False
5-7,PEP,2,False
5-8,LMU,2,False
5-9,PEP,2,False
6-9,PEP,2,False
7-9,LMU,2,False
7-10,LMU,2,False
8-10,PEP,2,False
8-11,LMU,2,False
9-11,PEP,2,False
10-11,LMU,2,False
11-11,LMU,2,False
11-12,LMU,2,False
11-13,PEP,2,False
11-14,PEP,2,False
12-14,PEP,2,False
13-14,LMU,2,False
13-15,LMU,2,False
13-16,PEP,2,False
14-16,PEP,2,False
14-17,LMU,2,False
14-18,PEP,2,False
15-18,PEP,2,False
16-18,LMU,2,False
16-19,LMU,2,False
16-20,PEP,2,False
16-21,PEP,2,False
16-22,PEP,2,False
16-23,PEP,2,False
17-23,PEP,2,False
18-23,LMU,2,False
18-24,LMU,2,False
18-25,PEP,2,False
0-1,PEP,0,False
1-1,USD,0,False
1-2,PEP,0,False
1-3,USD,0,False
2-3,USD,0,False
2-4,PEP,0,False
3-4,USD,0,False
3-5,PEP,0,False
4-5,USD,0,False
5-5,PEP,0,False
5-6,PEP,0,False
5-7,USD,0,False
6-7,USD,0,False
7-7,PEP,0,False
8-7,PEP,0,False
8-8,PEP,0,False
9-8,USD,0,False
9-9,PEP,0,False
9-10,USD,0,False
9-11,USD,0,False
10-11,USD,0,False
10-12,PEP,0,False
11-12,USD,0,False
11-13,PEP,0,False
11-14,USD,0,False
12-14,USD,0,False
13-14,PEP,0,False
14-14,PEP,0,False
14-15,PEP,0,False
15-15,USD,0,False
15-16,PEP,0,False
15-17,USD,0,False
16-17,USD,0,False
16-18,PEP,0,False
16-19,USD,0,False
16-20,USD,0,False
16-21,USD,0,False
17-21,USD,0,False
17-22,PEP,0,False
18-22,USD,0,False
18-23,PEP,0,False
18-24,USD,0,False
19-24,USD,0,False
19-25,PEP,0,False
1-0,USD,1,False
1-1,PEP,1,False
1-2,USD,1,False
2-2,USD,1,False
2-3,PEP,1,False
3-3,USD,1,False
4-3,PEP,1,False
4-4,PEP,1,False
4-5,USD,1,False
5-5,USD,1,False
6-5,PEP,1,False
7-5,PEP,1,False
7-6,PEP,1,False
7-7,USD,1,False
8-7,USD,1,False
8-8,PEP,1,False
9-8,USD,1,False
9-9,PEP,1,False
10-9,USD,1,False
10-10,PEP,1,False
10-11,USD,1,False
10-12,USD,1,False
11-12,USD,1,False
11-13,PEP,1,False
12-13,USD,1,False
13-13,PEP,1,False
13-14,PEP,1,False
14-14,USD,1,False
14-15,PEP,1,False
14-16,USD,1,False
14-17,USD,1,False
15-17,USD,1,False
16-17,PEP,1,False
17-17,PEP,1,False
17-18,PEP,1,False
17-19,USD,1,False
17-20,USD,1,False
18-20,USD,1,False
18-21,PEP,1,False
19-21,USD,1,False
20-21,PEP,1,False
20-22,PEP,1,False
20-23,USD,1,False
20-24,USD,1,False
21-24,USD,1,False
21-25,PEP,1,False
1-0,PEP,2,False
1-1,PEP,2,False
2-1,USD,2,False
2-2,PEP,2,False
3-2,USD,2,False
3-3,PEP,2,False
4-3,USD,2,False
4-4,PEP,2,False
5-4,USD,2,False
5-5,PEP,2,False
5-6,USD,2,False
6-6,USD,2,False
7-6,PEP,2,False
7-7,PEP,2,False
8-7,USD,2,False
8-8,PEP,2,False
9-8,USD,2,False
9-9,PEP,2,False
9-10,USD,2,False
10-10,USD,2,False
10-11,PEP,2,False
10-12,USD,2,False
10-13,USD,2,False
10-14,USD,2,False
11-14,USD,2,False
11-15,PEP,2,False
11-16,USD,2,False
12-16,USD,2,False
12-17,PEP,2,False
12-18,USD,2,False
12-19,USD,2,False
13-19,USD,2,False
14-19,PEP,2,False
14-20,PEP,2,False
14-21,USD,2,False
14-22,USD,2,False
15-22,USD,2,False
15-23,PEP,2,False
15-24,USD,2,False
15-25,USD,2,False
0-1,BYU,0,False
1-1,BYU,0,False
1-2,PEP,0,False
1-3,BYU,0,False
1-4,BYU,0,False
2-4,BYU,0,False
2-5,PEP,0,False
2-6,BYU,0,False
3-6,BYU,0,False
3-7,PEP,0,False
4-7,BYU,0,False
5-7,PEP,0,False
6-7,PEP,0,False
7-7,PEP,0,False
7-8,PEP,0,False
7-9,BYU,0,False
8-9,BYU,0,False
9-9,PEP,0,False
9-10,PEP,0,False
10-10,BYU,0,False
10-11,PEP,0,False
11-11,BYU,0,False
12-11,PEP,0,False
12-12,PEP,0,False
13-12,BYU,0,False
14-12,PEP,0,False
14-13,PEP,0,False
15-13,BYU,0,False
15-14,PEP,0,False
16-14,BYU,0,False
16-15,PEP,0,False
16-16,BYU,0,False
17-16,BYU,0,False
17-17,PEP,0,False
18-17,BYU,0,False
18-18,PEP,0,False
19-18,BYU,0,False
19-19,PEP,0,False
19-20,BYU,0,False
19-21,BYU,0,False
20-21,BYU,0,False
20-22,PEP,0,False
21-22,BYU,0,False
22-22,PEP,0,False
22-23,PEP,0,False
23-23,BYU,0,False
24-23,PEP,0,False
24-24,PEP,0,False
24-25,BYU,0,False
24-26,BYU,0,False
0-1,PEP,1,False
0-2,BYU,1,False
0-3,BYU,1,False
1-3,BYU,1,False
1-4,PEP,1,False
2-4,BYU,1,False
2-5,PEP,1,False
2-6,BYU,1,False
2-7,BYU,1,False
3-7,BYU,1,False
4-7,PEP,1,False
4-8,PEP,1,False
5-8,BYU,1,False
5-9,PEP,1,False
5-10,BYU,1,False
5-11,BYU,1,False
5-12,BYU,1,False
5-13,BYU,1,False
5-14,BYU,1,False
6-14,BYU,1,False
6-15,PEP,1,False
7-15,BYU,1,False
8-15,PEP,1,False
8-16,PEP,1,False
9-16,BYU,1,False
9-17,PEP,1,False
10-17,BYU,1,False
11-17,PEP,1,False
11-18,PEP,1,False
11-19,BYU,1,False
11-20,BYU,1,False
12-20,BYU,1,False
12-21,PEP,1,False
12-22,BYU,1,False
13-22,BYU,1,False
13-23,PEP,1,False
13-24,BYU,1,False
13-25,BYU,1,False
0-1,BYU,2,False
1-1,BYU,2,False
1-2,PEP,2,False
1-3,BYU,2,False
2-3,BYU,2,False
2-4,PEP,2,False
2-5,BYU,2,False
2-6,BYU,2,False
3-6,BYU,2,False
3-7,PEP,2,False
3-8,BYU,2,False
3-9,BYU,2,False
4-9,BYU,2,False
4-10,PEP,2,False
5-10,BYU,2,False
6-10,PEP,2,False
6-11,PEP,2,False
6-12,BYU,2,False
6-13,BYU,2,False
6-14,BYU,2,False
6-15,BYU,2,False
6-16,BYU,2,False
6-17,BYU,2,False
6-18,BYU,2,False
6-19,BYU,2,False
6-20,BYU,2,False
6-21,BYU,2,False
6-22,BYU,2,False
7-22,BYU,2,False
7-23,PEP,2,False
8-23,BYU,2,False
8-24,PEP,2,False
8-25,BYU,2,False
1-0,SCU,0,False
1-1,SCU,0,False
1-2,PEP,0,False
2-2,PEP,0,False
2-3,SCU,0,False
2-4,PEP,0,False
3-4,PEP,0,False
4-4,SCU,0,False
4-5,SCU,0,False
5-5,PEP,0,False
5-6,SCU,0,False
6-6,PEP,0,False
7-6,SCU,0,False
7-7,SCU,0,False
8-7,PEP,0,False
9-7,SCU,0,False
10-7,SCU,0,False
10-8,SCU,0,False
11-8,PEP,0,False
11-9,SCU,0,False
12-9,PEP,0,False
12-10,SCU,0,False
13-10,PEP,0,False
13-11,SCU,0,False
14-11,PEP,0,False
14-12,SCU,0,False
14-13,PEP,0,False
14-14,PEP,0,False
15-14,PEP,0,False
15-15,SCU,0,False
16-15,PEP,0,False
16-16,SCU,0,False
17-16,PEP,0,False
18-16,SCU,0,False
18-17,SCU,0,False
19-17,PEP,0,False
19-18,SCU,0,False
20-18,PEP,0,False
20-19,SCU,0,False
20-20,PEP,0,False
20-21,PEP,0,False
21-21,PEP,0,False
21-22,SCU,0,False
21-23,PEP,0,False
22-23,PEP,0,False
23-23,SCU,0,False
23-24,SCU,0,False
24-24,PEP,0,False
24-25,SCU,0,False
24-26,PEP,0,False
0-1,PEP,1,False
0-2,PEP,1,False
1-2,PEP,1,False
1-3,SCU,1,False
1-4,PEP,1,False
1-5,PEP,1,False
2-5,PEP,1,False
3-5,SCU,1,False
4-5,SCU,1,False
4-6,SCU,1,False
5-6,PEP,1,False
5-7,SCU,1,False
6-7,PEP,1,False
7-7,SCU,1,False
7-8,SCU,1,False
7-9,PEP,1,False
7-10,PEP,1,False
7-11,PEP,1,False
8-11,PEP,1,False
8-12,SCU,1,False
8-13,PEP,1,False
8-14,PEP,1,False
8-15,PEP,1,False
8-16,PEP,1,False
9-16,PEP,1,False
9-17,SCU,1,False
10-17,PEP,1,False
10-18,SCU,1,False
11-18,PEP,1,False
11-19,SCU,1,False
12-19,PEP,1,False
13-19,SCU,1,False
13-20,SCU,1,False
13-21,PEP,1,False
13-22,PEP,1,False
13-23,PEP,1,False
14-23,PEP,1,False
15-23,SCU,1,False
15-24,SCU,1,False
16-24,PEP,1,False
16-25,SCU,1,False
0-1,SCU,2,False
1-1,PEP,2,False
1-2,SCU,2,False
1-3,PEP,2,False
2-3,PEP,2,False
2-4,SCU,2,False
3-4,PEP,2,False
4-4,SCU,2,False
5-4,SCU,2,False
6-4,SCU,2,False
7-4,SCU,2,False
8-4,SCU,2,False
8-5,SCU,2,False
9-5,PEP,2,False
10-5,SCU,2,False
11-5,SCU,2,False
11-6,SCU,2,False
11-7,PEP,2,False
11-8,PEP,2,False
12-8,PEP,2,False
12-9,SCU,2,False
13-9,PEP,2,False
13-10,SCU,2,False
14-10,PEP,2,False
14-11,SCU,2,False
15-11,PEP,2,False
15-12,SCU,2,False
16-12,PEP,2,False
17-12,SCU,2,False
17-13,SCU,2,False
18-13,PEP,2,False
18-14,SCU,2,False
19-14,PEP,2,False
19-15,SCU,2,False
20-15,PEP,2,False
21-15,SCU,2,False
21-16,SCU,2,False
22-16,PEP,2,False
22-17,SCU,2,False
23-17,PEP,2,False
24-17,SCU,2,False
25-17,SCU,2,False
0-1,PEP,12,False
1-1,PEP,12,False
1-2,SCU,12,False
1-3,PEP,12,False
2-3,PEP,12,False
3-3,SCU,12,False
3-4,SCU,12,False
3-5,PEP,12,False
3-6,PEP,12,False
3-7,PEP,12,False
3-8,PEP,12,False
4-8,PEP,12,False
4-9,SCU,12,False
4-10,PEP,12,False
4-11,PEP,12,False
4-12,PEP,12,False
5-12,PEP,12,False
5-13,SCU,12,False
6-13,PEP,12,False
7-13,SCU,12,False
7-14,SCU,12,False
8-14,PEP,12,False
8-15,SCU,12,False
9-15,PEP,12,False
9-16,SCU,12,False
10-16,PEP,12,False
11-16,SCU,12,False
11-17,SCU,12,False
12-17,PEP,12,False
12-18,SCU,12,False
12-19,PEP,12,False
12-20,PEP,12,False
12-21,PEP,12,False
12-22,PEP,12,False
12-23,PEP,12,False
13-23,PEP,12,False
13-24,SCU,12,False
13-25,PEP,12,False
1-0,PEP,0,False
1-1,USF,0,False
1-2,PEP,0,False
1-3,PEP,0,False
2-3,PEP,0,False
3-3,USF,0,False
3-4,USF,0,False
4-4,PEP,0,False
4-5,USF,0,False
4-6,PEP,0,False
5-6,PEP,0,False
6-6,USF,0,False
6-7,USF,0,False
6-8,PEP,0,False
6-9,PEP,0,False
7-9,PEP,0,False
8-9,USF,0,False
8-10,USF,0,False
8-11,PEP,0,False
8-12,PEP,0,False
9-12,PEP,0,False
9-13,USF,0,False
10-13,PEP,0,False
10-14,USF,0,False
10-15,PEP,0,False
10-16,PEP,0,False
10-17,PEP,0,False
10-18,PEP,0,False
10-19,PEP,0,False
10-20,PEP,0,False
10-21,PEP,0,False
11-21,PEP,0,False
11-22,USF,0,False
12-22,PEP,0,False
13-22,USF,0,False
13-23,USF,0,False
14-23,PEP,0,False
15-23,USF,0,False
15-24,USF,0,False
15-25,PEP,0,False
0-1,USF,1,False
1-1,PEP,1,False
1-2,USF,1,False
2-2,PEP,1,False
3-2,USF,1,False
3-3,USF,1,False
4-3,PEP,1,False
4-4,USF,1,False
4-5,PEP,1,False
4-6,PEP,1,False
4-7,PEP,1,False
5-7,PEP,1,False
5-8,USF,1,False
5-9,PEP,1,False
5-10,PEP,1,False
6-10,PEP,1,False
6-11,USF,1,False
7-11,PEP,1,False
8-11,USF,1,False
9-11,USF,1,False
10-11,USF,1,False
10-12,USF,1,False
10-13,PEP,1,False
10-14,PEP,1,False
11-14,PEP,1,False
11-15,USF,1,False
12-15,PEP,1,False
13-15,USF,1,False
14-15,USF,1,False
15-15,USF,1,False
15-16,USF,1,False
15-17,PEP,1,False
15-18,PEP,1,False
15-19,PEP,1,False
16-19,PEP,1,False
17-19,USF,1,False
18-19,USF,1,False
18-20,USF,1,False
18-21,PEP,1,False
19-21,PEP,1,False
20-21,USF,1,False
20-22,USF,1,False
21-22,PEP,1,False
22-22,USF,1,False
22-23,USF,1,False
22-24,PEP,1,False
22-25,PEP,1,False
0-1,PEP,2,False
1-1,PEP,2,False
1-2,USF,2,False
2-2,PEP,2,False
3-2,USF,2,False
3-3,USF,2,False
4-3,PEP,2,False
4-4,USF,2,False
4-5,PEP,2,False
4-6,PEP,2,False
5-6,PEP,2,False
5-7,USF,2,False
5-8,PEP,2,False
5-9,PEP,2,False
5-10,PEP,2,False
6-10,PEP,2,False
7-10,USF,2,False
7-11,USF,2,False
7-12,PEP,2,False
7-13,PEP,2,False
8-13,PEP,2,False
8-14,USF,2,False
8-15,PEP,2,False
8-16,PEP,2,False
8-17,PEP,2,False
9-17,PEP,2,False
9-18,USF,2,False
10-18,PEP,2,False
11-18,USF,2,False
12-18,USF,2,False
13-18,USF,2,False
13-19,USF,2,False
13-20,PEP,2,False
14-20,PEP,2,False
14-21,USF,2,False
14-22,PEP,2,False
15-22,PEP,2,False
15-23,USF,2,False
16-23,PEP,2,False
17-23,USF,2,False
17-24,USF,2,False
17-25,PEP,2,False
1-0,SMC,0,True
1-1,PEP,0,True
2-1,SMC,0,True
3-1,PEP,0,True
4-1,PEP,0,True
5-1,PEP,0,True
5-2,PEP,0,True
6-2,SMC,0,True
6-3,PEP,0,True
7-3,SMC,0,True
8-3,PEP,0,True
9-3,PEP,0,True
9-4,PEP,0,True
10-4,SMC,0,True
11-4,PEP,0,True
11-5,PEP,0,True
12-5,SMC,0,True
12-6,PEP,0,True
13-6,SMC,0,True
13-7,PEP,0,True
14-7,SMC,0,True
15-7,PEP,0,True
15-8,PEP,0,True
16-8,SMC,0,True
17-8,PEP,0,True
18-8,PEP,0,True
18-9,PEP,0,True
19-9,SMC,0,True
20-9,PEP,0,True
21-9,PEP,0,True
21-10,PEP,0,True
21-11,SMC,0,True
22-11,SMC,0,True
22-12,PEP,0,True
23-12,SMC,0,True
24-12,PEP,0,True
24-13,PEP,0,True
24-14,SMC,0,True
25-14,SMC,0,True
1-0,PEP,10,True
1-1,PEP,10,True
2-1,SMC,10,True
3-1,PEP,10,True
4-1,PEP,10,True
4-2,PEP,10,True
4-3,SMC,10,True
5-3,SMC,10,True
5-4,PEP,10,True
6-4,SMC,10,True
6-5,PEP,10,True
7-5,SMC,10,True
8-5,PEP,10,True
9-5,PEP,10,True
10-5,PEP,10,True
10-6,PEP,10,True
10-7,SMC,10,True
11-7,SMC,10,True
12-7,PEP,10,True
13-7,PEP,10,True
14-7,PEP,10,True
14-8,PEP,10,True
14-9,SMC,10,True
14-10,SMC,10,True
14-11,SMC,10,True
14-12,SMC,10,True
15-12,SMC,10,True
15-13,PEP,10,True
16-13,SMC,10,True
17-13,PEP,10,True
17-14,PEP,10,True
18-14,SMC,10,True
19-14,PEP,10,True
20-14,PEP,10,True
20-15,PEP,10,True
21-15,SMC,10,True
21-16,PEP,10,True
22-16,SMC,10,True
22-17,PEP,10,True
23-17,SMC,10,True
24-17,PEP,10,True
24-18,PEP,10,True
25-18,SMC,10,True
1-0,SMC,20,True
1-1,PEP,20,True
2-1,SMC,20,True
3-1,PEP,20,True
4-1,PEP,20,True
5-1,PEP,20,True
6-1,PEP,20,True
6-2,PEP,20,True
6-3,SMC,20,True
7-3,SMC,20,True
7-4,PEP,20,True
8-4,SMC,20,True
9-4,PEP,20,True
10-4,PEP,20,True
11-4,PEP,20,True
12-4,PEP,20,True
12-5,PEP,20,True
13-5,SMC,20,True
14-5,PEP,20,True
14-6,PEP,20,True
14-7,SMC,20,True
15-7,SMC,20,True
16-7,PEP,20,True
16-8,PEP,20,True
17-8,SMC,20,True
17-9,PEP,20,True
17-10,SMC,20,True
18-10,SMC,20,True
18-11,PEP,20,True
18-12,SMC,20,True
19-12,SMC,20,True
19-13,PEP,20,True
20-13,SMC,20,True
20-14,PEP,20,True
21-14,SMC,20,True
21-15,PEP,20,True
22-15,SMC,20,True
23-15,PEP,20,True
23-16,PEP,20,True
23-17,SMC,20,True
24-17,SMC,20,True
24-18,PEP,20,True
24-19,SMC,20,True
25-19,SMC,20,True
1-0,PAC,0,False
2-0,PEP,0,False
2-1,PEP,0,False
2-2,PAC,0,False
2-3,PAC,0,False
2-4,PAC,0,False
3-4,PAC,0,False
4-4,PEP,0,False
5-4,PEP,0,False
5-5,PEP,0,False
6-5,PAC,0,False
6-6,PEP,0,False
7-6,PAC,0,False
7-7,PEP,0,False
7-8,PAC,0,False
7-9,PAC,0,False
8-9,PAC,0,False
9-9,PEP,0,False
9-10,PEP,0,False
9-11,PAC,0,False
10-11,PAC,0,False
11-11,PEP,0,False
11-12,PEP,0,False
11-13,PAC,0,False
11-14,PAC,0,False
11-15,PAC,0,False
12-15,PAC,0,False
13-15,PEP,0,False
14-15,PEP,0,False
14-16,PEP,0,False
14-17,PAC,0,False
14-18,PAC,0,False
14-19,PAC,0,False
14-20,PAC,0,False
15-20,PAC,0,False
16-20,PEP,0,False
16-21,PEP,0,False
17-21,PAC,0,False
17-22,PEP,0,False
18-22,PAC,0,False
19-22,PEP,0,False
20-22,PEP,0,False
21-22,PEP,0,False
21-23,PEP,0,False
22-23,PAC,0,False
23-23,PEP,0,False
23-24,PEP,0,False
23-25,PAC,0,False
0-1,PEP,1,False
0-2,PAC,1,False
1-2,PAC,1,False
2-2,PEP,1,False
2-3,PEP,1,False
2-4,PAC,1,False
3-4,PAC,1,False
4-4,PEP,1,False
4-5,PEP,1,False
5-5,PAC,1,False
5-6,PEP,1,False
5-7,PAC,1,False
6-7,PAC,1,False
7-7,PEP,1,False
7-8,PEP,1,False
8-8,PAC,1,False
8-9,PEP,1,False
9-9,PAC,1,False
10-9,PEP,1,False
10-10,PEP,1,False
11-10,PAC,1,False
11-11,PEP,1,False
12-11,PAC,1,False
13-11,PEP,1,False
13-12,PEP,1,False
14-12,PAC,1,False
14-13,PEP,1,False
14-14,PAC,1,False
14-15,PAC,1,False
14-16,PAC,1,False
14-17,PAC,1,False
15-17,PAC,1,False
16-17,PEP,1,False
16-18,PEP,1,False
16-19,PAC,1,False
17-19,PAC,1,False
18-19,PEP,1,False
18-20,PEP,1,False
18-21,PAC,1,False
18-22,PAC,1,False
19-22,PAC,1,False
19-23,PEP,1,False
20-23,PAC,1,False
21-23,PEP,1,False
21-24,PEP,1,False
22-24,PAC,1,False
23-24,PEP,1,False
24-24,PEP,1,False
25-24,PEP,1,False
26-24,PEP,1,False
1-0,PAC,11,False
1-1,PEP,11,False
2-1,PAC,11,False
3-1,PEP,11,False
3-2,PEP,11,False
4-2,PAC,11,False
5-2,PEP,11,False
6-2,PEP,11,False
6-3,PEP,11,False
7-3,PAC,11,False
8-3,PEP,11,False
8-4,PEP,11,False
9-4,PAC,11,False
10-4,PEP,11,False
10-5,PEP,11,False
11-5,PAC,11,False
12-5,PEP,11,False
12-6,PEP,11,False
13-6,PAC,11,False
13-7,PEP,11,False
13-8,PAC,11,False
14-8,PAC,11,False
15-8,PEP,11,False
15-9,PEP,11,False
15-10,PAC,11,False
16-10,PAC,11,False
16-11,PEP,11,False
17-11,PAC,11,False
18-11,PEP,11,False
18-12,PEP,11,False
19-12,PAC,11,False
20-12,PEP,11,False
21-12,PEP,11,False
21-13,PEP,11,False
22-13,PAC,11,False
23-13,PEP,11,False
24-13,PEP,11,False
24-14,PEP,11,False
24-15,PAC,11,False
25-15,PAC,11,False
0-1,PEP,21,False
1-1,PAC,21,False
1-2,PEP,21,False
2-2,PAC,21,False
2-3,PEP,21,False
3-3,PAC,21,False
3-4,PEP,21,False
4-4,PAC,21,False
4-5,PEP,21,False
4-6,PAC,21,False
5-6,PAC,21,False
6-6,PEP,21,False
6-7,PEP,21,False
7-7,PAC,21,False
8-7,PEP,21,False
8-8,PEP,21,False
8-9,PAC,21,False
8-10,PAC,21,False
9-10,PAC,21,False
10-10,PEP,21,False
10-11,PEP,21,False
10-12,PAC,21,False
11-12,PAC,21,False
11-13,PEP,21,False
12-13,PAC,21,False
12-14,PEP,21,False
12-15,PAC,21,False
12-16,PAC,21,False
13-16,PAC,21,False
14-16,PEP,21,False
14-17,PEP,21,False
15-17,PAC,21,False
15-18,PEP,21,False
16-18,PAC,21,False
16-19,PEP,21,False
16-20,PAC,21,False
17-20,PAC,21,False
17-21,PEP,21,False
17-22,PAC,21,False
18-22,PAC,21,False
19-22,PEP,21,False
19-23,PEP,21,False
20-23,PAC,21,False
20-24,PEP,21,False
21-24,PAC,21,False
22-24,PEP,21,False
23-24,PEP,21,False
24-24,PEP,21,False
24-25,PEP,21,False
25-25,PAC,21,False
26-25,PEP,21,False
26-26,PEP,21,False
26-27,PAC,21,False
27-27,PAC,21,False
28-27,PEP,21,False
28-28,PEP,21,False
28-29,PAC,21,False
28-30,PAC,21,False
1-0,PAC,22,False
2-0,PEP,22,False
2-1,PEP,22,False
3-1,PAC,22,False
4-1,PEP,22,False
4-2,PEP,22,False
5-2,PAC,22,False
5-3,PEP,22,False
6-3,PAC,22,False
7-3,PEP,22,False
8-3,PEP,22,False
8-4,PEP,22,False
9-4,PAC,22,False
9-5,PEP,22,False
10-5,PAC,22,False
10-6,PEP,22,False
10-7,PAC,22,False
11-7,PAC,22,False
11-8,PEP,22,False
12-8,PAC,22,False
12-9,PEP,22,False
12-10,PAC,22,False
12-11,PAC,22,False
12-12,PAC,22,False
13-12,PAC,22,False
13-13,PEP,22,False
13-14,PAC,22,False
14-14,PAC,22,False
15-14,PEP,22,False
15-15,PEP,22,False
15-16,PAC,22,False
16-16,PAC,22,False
17-16,PEP,22,False
17-17,PEP,22,False
18-17,PAC,22,False
18-18,PEP,22,False
18-19,PAC,22,False
19-19,PAC,22,False
19-20,PEP,22,False
19-21,PAC,22,False
0-1,UH,0,False
0-2,PEP,0,False
0-3,PEP,0,False
1-3,PEP,0,False
2-3,UH,0,False
2-4,UH,0,False
2-5,PEP,0,False
2-6,PEP,0,False
3-6,PEP,0,False
3-7,UH,0,False
4-7,PEP,0,False
4-8,UH,0,False
5-8,PEP,0,False
5-9,UH,0,False
6-9,PEP,0,False
7-9,UH,0,False
7-10,UH,0,False
7-11,PEP,0,False
7-12,PEP,0,False
8-12,PEP,0,False
9-12,UH,0,False
9-13,UH,0,False
10-13,PEP,0,False
10-14,UH,0,False
11-14,PEP,0,False
11-15,UH,0,False
12-15,PEP,0,False
12-16,UH,0,False
13-16,PEP,0,False
13-17,UH,0,False
14-17,PEP,0,False
14-18,UH,0,False
15-18,PEP,0,False
15-19,UH,0,False
15-20,PEP,0,False
16-20,PEP,0,False
16-21,UH,0,False
17-21,PEP,0,False
17-22,UH,0,False
17-23,PEP,0,False
17-24,PEP,0,False
18-24,PEP,0,False
19-24,UH,0,False
19-25,UH,0,False
0-1,PEP,1,False
0-2,PEP,1,False
1-2,PEP,1,False
1-3,UH,1,False
2-3,PEP,1,False
3-3,UH,1,False
3-4,UH,1,False
3-5,PEP,1,False
4-5,PEP,1,False
5-5,UH,1,False
5-6,UH,1,False
6-6,PEP,1,False
6-7,UH,1,False
6-8,PEP,1,False
7-8,PEP,1,False
7-9,UH,1,False
7-10,PEP,1,False
7-11,PEP,1,False
8-11,PEP,1,False
8-12,UH,1,False
9-12,PEP,1,False
9-13,UH,1,False
10-13,PEP,1,False
10-14,UH,1,False
11-14,PEP,1,False
11-15,UH,1,False
12-15,PEP,1,False
13-15,UH,1,False
13-16,UH,1,False
14-16,PEP,1,False
15-16,UH,1,False
16-16,UH,1,False
17-16,UH,1,False
18-16,UH,1,False
19-16,UH,1,False
19-17,UH,1,False
20-17,PEP,1,False
20-18,UH,1,False
21-18,PEP,1,False
22-18,UH,1,False
22-19,UH,1,False
22-20,PEP,1,False
23-20,PEP,1,False
24-20,UH,1,False
25-20,UH,1,False
0-1,UH,11,False
0-2,PEP,11,False
0-3,PEP,11,False
0-4,PEP,11,False
1-4,PEP,11,False
1-5,UH,11,False
1-6,PEP,11,False
2-6,PEP,11,False
2-7,UH,11,False
3-7,PEP,11,False
3-8,UH,11,False
3-9,PEP,11,False
3-10,PEP,11,False
3-11,PEP,11,False
4-11,PEP,11,False
5-11,UH,11,False
5-12,UH,11,False
5-13,PEP,11,False
6-13,PEP,11,False
7-13,UH,11,False
8-13,UH,11,False
9-13,UH,11,False
10-13,UH,11,False
10-14,UH,11,False
11-14,PEP,11,False
12-14,UH,11,False
13-14,UH,11,False
14-14,UH,11,False
15-14,UH,11,False
16-14,UH,11,False
17-14,UH,11,False
17-15,UH,11,False
18-15,PEP,11,False
19-15,UH,11,False
20-15,UH,11,False
20-16,UH,11,False
21-16,PEP,11,False
21-17,UH,11,False
22-17,PEP,11,False
22-18,UH,11,False
22-19,PEP,11,False
22-20,PEP,11,False
22-21,PEP,11,False
22-22,PEP,11,False
22-23,PEP,11,False
22-24,PEP,11,False
22-25,PEP,11,False
0-1,PEP,12,False
1-1,PEP,12,False
1-2,UH,12,False
2-2,PEP,12,False
2-3,UH,12,False
3-3,PEP,12,False
4-3,UH,12,False
4-4,UH,12,False
5-4,PEP,12,False
5-5,UH,12,False
5-6,PEP,12,False
5-7,PEP,12,False
5-8,PEP,12,False
6-8,PEP,12,False
7-8,UH,12,False
8-8,UH,12,False
9-8,UH,12,False
10-8,UH,12,False
10-9,UH,12,False
11-9,PEP,12,False
11-10,UH,12,False
12-10,PEP,12,False
13-10,UH,12,False
13-11,UH,12,False
14-11,PEP,12,False
14-12,UH,12,False
15-12,PEP,12,False
16-12,UH,12,False
16-13,UH,12,False
16-14,PEP,12,False
17-14,PEP,12,False
18-14,UH,12,False
18-15,UH,12,False
19-15,PEP,12,False
20-15,UH,12,False
21-15,UH,12,False
22-15,UH,12,False
22-16,UH,12,False
23-16,PEP,12,False
23-17,UH,12,False
23-18,PEP,12,False
24-18,PEP,12,False
25-18,UH,12,False
1-0,UH,22,False
1-1,UH,22,False
1-2,PEP,22,False
1-3,PEP,22,False
1-4,PEP,22,False
1-5,PEP,22,False
1-6,PEP,22,False
1-7,PEP,22,False
2-7,PEP,22,False
3-7,UH,22,False
3-8,UH,22,False
3-9,PEP,22,False
4-9,PEP,22,False
4-10,UH,22,False
5-10,PEP,22,False
5-11,UH,22,False
5-12,PEP,22,False
5-13,PEP,22,False
6-13,PEP,22,False
6-14,UH,22,False
6-15,PEP,22,False
0-1,GON,0,False
0-2,PEP,0,False
1-2,PEP,0,False
2-2,GON,0,False
3-2,GON,0,False
3-3,GON,0,False
4-3,PEP,0,False
5-3,GON,0,False
6-3,GON,0,False
7-3,GON,0,False
8-3,GON,0,False
8-4,GON,0,False
8-5,PEP,0,False
8-6,PEP,0,False
8-7,PEP,0,False
8-8,PEP,0,False
9-8,PEP,0,False
9-9,GON,0,False
9-10,PEP,0,False
9-11,PEP,0,False
10-11,PEP,0,False
10-12,GON,0,False
11-12,PEP,0,False
11-13,GON,0,False
11-14,PEP,0,False
12-14,PEP,0,False
13-14,GON,0,False
13-15,GON,0,False
14-15,PEP,0,False
14-16,GON,0,False
15-16,PEP,0,False
16-16,GON,0,False
16-17,GON,0,False
16-18,PEP,0,False
17-18,PEP,0,False
18-18,GON,0,False
18-19,GON,0,False
19-19,PEP,0,False
19-20,GON,0,False
19-21,PEP,0,False
20-21,PEP,0,False
20-22,GON,0,False
20-23,PEP,0,False
20-24,PEP,0,False
20-25,PEP,0,False
0-1,PEP,1,False
0-2,PEP,1,False
0-3,PEP,1,False
1-3,PEP,1,False
2-3,GON,1,False
2-4,GON,1,False
3-4,PEP,1,False
3-5,GON,1,False
4-5,PEP,1,False
4-6,GON,1,False
5-6,PEP,1,False
6-6,GON,1,False
6-7,GON,1,False
6-8,PEP,1,False
6-9,PEP,1,False
6-10,PEP,1,False
7-10,PEP,1,False
7-11,GON,1,False
8-11,PEP,1,False
9-11,GON,1,False
9-12,GON,1,False
9-13,PEP,1,False
10-13,PEP,1,False
10-14,GON,1,False
11-14,PEP,1,False
11-15,GON,1,False
12-15,PEP,1,False
12-16,GON,1,False
12-17,PEP,1,False
13-17,PEP,1,False
13-18,GON,1,False
13-19,PEP,1,False
14-19,PEP,1,False
14-20,GON,1,False
15-20,PEP,1,False
15-21,GON,1,False
15-22,PEP,1,False
16-22,PEP,1,False
16-23,GON,1,False
16-24,PEP,1,False
16-25,PEP,1,False
0-1,GON,2,False
0-2,PEP,2,False
1-2,PEP,2,False
1-3,GON,2,False
2-3,PEP,2,False
2-4,GON,2,False
2-5,PEP,2,False
2-6,PEP,2,False
2-7,PEP,2,False
2-8,PEP,2,False
2-9,PEP,2,False
3-9,PEP,2,False
3-10,GON,2,False
4-10,PEP,2,False
4-11,GON,2,False
4-12,PEP,2,False
5-12,PEP,2,False
6-12,GON,2,False
6-13,GON,2,False
7-13,PEP,2,False
7-14,GON,2,False
8-14,PEP,2,False
9-14,GON,2,False
9-15,GON,2,False
10-15,PEP,2,False
11-15,GON,2,False
11-16,GON,2,False
11-17,PEP,2,False
11-18,PEP,2,False
12-18,PEP,2,False
12-19,GON,2,False
13-19,PEP,2,False
13-20,GON,2,False
13-21,PEP,2,False
13-22,PEP,2,False
14-22,PEP,2,False
14-23,GON,2,False
14-24,PEP,2,False
15-24,PEP,2,False
15-25,GON,2,False
0-1,POR,0,False
1-1,PEP,0,False
1-2,POR,0,False
2-2,PEP,0,False
2-3,POR,0,False
2-4,PEP,0,False
2-5,PEP,0,False
2-6,PEP,0,False
3-6,PEP,0,False
3-7,POR,0,False
3-8,PEP,0,False
3-9,PEP,0,False
4-9,PEP,0,False
4-10,POR,0,False
4-11,PEP,0,False
5-11,PEP,0,False
5-12,POR,0,False
6-12,PEP,0,False
7-12,POR,0,False
7-13,POR,0,False
8-13,PEP,0,False
8-14,POR,0,False
9-14,PEP,0,False
9-15,POR,0,False
9-16,PEP,0,False
10-16,PEP,0,False
11-16,POR,0,False
11-17,POR,0,False
11-18,PEP,0,False
12-18,PEP,0,False
12-19,POR,0,False
13-19,PEP,0,False
13-20,POR,0,False
13-21,PEP,0,False
14-21,PEP,0,False
14-22,POR,0,False
15-22,PEP,0,False
16-22,POR,0,False
16-23,POR,0,False
17-23,PEP,0,False
17-24,POR,0,False
18-24,PEP,0,False
19-24,POR,0,False
20-24,POR,0,False
21-24,POR,0,False
22-24,POR,0,False
23-24,POR,0,False
23-25,POR,0,False
1-0,PEP,1,False
1-1,POR,1,False
1-2,PEP,1,False
2-2,PEP,1,False
2-3,POR,1,False
3-3,PEP,1,False
4-3,POR,1,False
4-4,POR,1,False
5-4,PEP,1,False
5-5,POR,1,False
6-5,PEP,1,False
7-5,POR,1,False
8-5,POR,1,False
8-6,POR,1,False
9-6,PEP,1,False
10-6,POR,1,False
11-6,POR,1,False
11-7,POR,1,False
11-8,PEP,1,False
12-8,PEP,1,False
12-9,POR,1,False
13-9,PEP,1,False
13-10,POR,1,False
13-11,PEP,1,False
14-11,PEP,1,False
15-11,POR,1,False
15-12,POR,1,False
16-12,PEP,1,False
16-13,POR,1,False
17-13,PEP,1,False
18-13,POR,1,False
18-14,POR,1,False
19-14,PEP,1,False
19-15,POR,1,False
20-15,PEP,1,False
21-15,POR,1,False
21-16,POR,1,False
22-16,PEP,1,False
23-16,POR,1,False
23-17,POR,1,False
24-17,PEP,1,False
25-17,POR,1,False
0-1,POR,11,False
1-1,PEP,11,False
1-2,POR,11,False
1-3,PEP,11,False
2-3,PEP,11,False
2-4,POR,11,False
2-5,PEP,11,False
3-5,PEP,11,False
4-5,POR,11,False
4-6,POR,11,False
4-7,PEP,11,False
5-7,PEP,11,False
6-7,POR,11,False
7-7,POR,11,False
8-7,POR,11,False
8-8,POR,11,False
8-9,PEP,11,False
9-9,PEP,11,False
10-9,POR,11,False
10-10,POR,11,False
11-10,PEP,11,False
11-11,POR,11,False
12-11,PEP,11,False
12-12,POR,11,False
12-13,PEP,11,False
13-13,PEP,11,False
13-14,POR,11,False
13-15,PEP,11,False
13-16,PEP,11,False
13-17,PEP,11,False
13-18,PEP,11,False
14-18,PEP,11,False
14-19,POR,11,False
14-20,PEP,11,False
15-20,PEP,11,False
15-21,POR,11,False
16-21,PEP,11,False
16-22,POR,11,False
16-23,PEP,11,False
17-23,PEP,11,False
17-24,POR,11,False
17-25,PEP,11,False
0-1,PEP,12,False
0-2,PEP,12,False
0-3,PEP,12,False
0-4,PEP,12,False
1-4,PEP,12,False
1-5,POR,12,False
2-5,PEP,12,False
2-6,POR,12,False
2-7,PEP,12,False
3-7,PEP,12,False
3-8,POR,12,False
3-9,PEP,12,False
3-10,PEP,12,False
4-10,PEP,12,False
5-10,POR,12,False
6-10,POR,12,False
7-10,POR,12,False
8-10,POR,12,False
8-11,POR,12,False
9-11,PEP,12,False
10-11,POR,12,False
10-12,POR,12,False
11-12,PEP,12,False
12-12,POR,12,False
13-12,POR,12,False
13-13,POR,12,False
13-14,PEP,12,False
14-14,PEP,12,False
14-15,POR,12,False
15-15,PEP,12,False
15-16,POR,12,False
16-16,PEP,12,False
17-16,POR,12,False
18-16,POR,12,False
18-17,POR,12,False
18-18,PEP,12,False
19-18,PEP,12,False
19-19,POR,12,False
20-19,PEP,12,False
20-20,POR,12,False
20-21,PEP,12,False
21-21,PEP,12,False
22-21,POR,12,False
22-22,POR,12,False
22-23,PEP,12,False
23-23,PEP,12,False
23-24,POR,12,False
23-25,PEP,12,False
0-1,PEP,0,True
0-2,LMU,0,True
0-3,LMU,0,True
0-4,LMU,0,True
1-4,LMU,0,True
1-5,PEP,0,True
2-5,LMU,0,True
3-5,PEP,0,True
4-5,PEP,0,True
5-5,PEP,0,True
5-6,PEP,0,True
6-6,LMU,0,True
6-7,PEP,0,True
6-8,LMU,0,True
7-8,LMU,0,True
7-9,PEP,0,True
8-9,LMU,0,True
8-10,PEP,0,True
8-11,LMU,0,True
9-11,LMU,0,True
9-12,PEP,0,True
10-12,LMU,0,True
10-13,PEP,0,True
11-13,LMU,0,True
12-13,PEP,0,True
12-14,PEP,0,True
13-14,LMU,0,True
13-15,PEP,0,True
14-15,LMU,0,True
15-15,PEP,0,True
16-15,PEP,0,True
17-15,PEP,0,True
17-16,PEP,0,True
17-17,LMU,0,True
17-18,LMU,0,True
17-19,LMU,0,True
18-19,LMU,0,True
19-19,PEP,0,True
20-19,PEP,0,True
21-19,PEP,0,True
21-20,PEP,0,True
22-20,LMU,0,True
23-20,PEP,0,True
24-20,PEP,0,True
24-21,PEP,0,True
25-21,LMU,0,True
0-1,LMU,10,True
1-1,LMU,10,True
1-2,PEP,10,True
2-2,LMU,10,True
2-3,PEP,10,True
2-4,LMU,10,True
3-4,LMU,10,True
4-4,PEP,10,True
5-4,PEP,10,True
5-5,PEP,10,True
6-5,LMU,10,True
6-6,PEP,10,True
7-6,LMU,10,True
8-6,PEP,10,True
8-7,PEP,10,True
8-8,LMU,10,True
9-8,LMU,10,True
9-9,PEP,10,True
10-9,LMU,10,True
10-10,PEP,10,True
11-10,LMU,10,True
12-10,PEP,10,True
13-10,PEP,10,True
14-10,PEP,10,True
14-11,PEP,10,True
15-11,LMU,10,True
16-11,PEP,10,True
17-11,PEP,10,True
18-11,PEP,10,True
19-11,PEP,10,True
19-12,PEP,10,True
20-12,LMU,10,True
21-12,PEP,10,True
21-13,PEP,10,True
22-13,LMU,10,True
22-14,PEP,10,True
23-14,LMU,10,True
23-15,PEP,10,True
23-16,LMU,10,True
24-16,LMU,10,True
24-17,PEP,10,True
24-18,LMU,10,True
25-18,LMU,10,True
25-19,PEP,10,True
1-0,PEP,20,True
1-1,PEP,20,True
2-1,LMU,20,True
3-1,PEP,20,True
3-2,PEP,20,True
3-3,LMU,20,True
4-3,LMU,20,True
4-4,PEP,20,True
5-4,LMU,20,True
6-4,PEP,20,True
6-5,PEP,20,True
7-5,LMU,20,True
8-5,PEP,20,True
8-6,PEP,20,True
9-6,LMU,20,True
10-6,PEP,20,True
10-7,PEP,20,True
11-7,LMU,20,True
11-8,PEP,20,True
12-8,LMU,20,True
13-8,PEP,20,True
13-9,PEP,20,True
14-9,LMU,20,True
15-9,PEP,20,True
15-10,PEP,20,True
15-11,LMU,20,True
16-11,LMU,20,True
16-12,PEP,20,True
17-12,LMU,20,True
17-13,PEP,20,True
18-13,LMU,20,True
18-14,PEP,20,True
18-15,LMU,20,True
18-16,LMU,20,True
18-17,LMU,20,True
18-18,LMU,20,True
18-19,LMU,20,True
19-19,LMU,20,True
19-20,PEP,20,True
20-20,LMU,20,True
21-20,PEP,20,True
22-20,PEP,20,True
22-21,PEP,20,True
22-22,LMU,20,True
23-22,LMU,20,True
24-22,PEP,20,True
24-23,PEP,20,True
25-23,LMU,20,True
0-1,USD,0,False
1-1,PEP,0,False
1-2,USD,0,False
2-2,PEP,0,False
3-2,USD,0,False
3-3,USD,0,False
3-4,PEP,0,False
3-5,PEP,0,False
3-6,PEP,0,False
3-7,PEP,0,False
4-7,PEP,0,False
5-7,USD,0,False
5-8,USD,0,False
5-9,PEP,0,False
5-10,PEP,0,False
5-11,PEP,0,False
5-12,PEP,0,False
5-13,PEP,0,False
6-13,PEP,0,False
7-13,USD,0,False
7-14,USD,0,False
7-15,PEP,0,False
8-15,PEP,0,False
8-16,USD,0,False
9-16,PEP,0,False
10-16,USD,0,False
11-16,USD,0,False
11-17,USD,0,False
11-18,PEP,0,False
11-19,PEP,0,False
12-19,PEP,0,False
13-19,USD,0,False
13-20,USD,0,False
14-20,PEP,0,False
14-21,USD,0,False
15-21,PEP,0,False
15-22,USD,0,False
15-23,PEP,0,False
16-23,PEP,0,False
17-23,USD,0,False
17-24,USD,0,False
17-25,PEP,0,False
1-0,PEP,1,False
1-1,USD,1,False
2-1,PEP,1,False
2-2,USD,1,False
2-3,PEP,1,False
3-3,PEP,1,False
4-3,USD,1,False
4-4,USD,1,False
4-5,PEP,1,False
4-6,PEP,1,False
5-6,PEP,1,False
5-7,USD,1,False
5-8,PEP,1,False
6-8,PEP,1,False
6-9,USD,1,False
6-10,PEP,1,False
6-11,PEP,1,False
6-12,PEP,1,False
6-13,PEP,1,False
7-13,PEP,1,False
7-14,USD,1,False
7-15,PEP,1,False
7-16,PEP,1,False
7-17,PEP,1,False
7-18,PEP,1,False
8-18,PEP,1,False
9-18,USD,1,False
9-19,USD,1,False
10-19,PEP,1,False
11-19,USD,1,False
12-19,USD,1,False
13-19,USD,1,False
14-19,USD,1,False
14-20,USD,1,False
15-20,PEP,1,False
16-20,USD,1,False
17-20,USD,1,False
17-21,USD,1,False
18-21,PEP,1,False
19-21,USD,1,False
19-22,USD,1,False
20-22,PEP,1,False
21-22,USD,1,False
21-23,USD,1,False
21-24,PEP,1,False
22-24,PEP,1,False
22-25,USD,1,False
0-1,USD,2,False
0-2,PEP,2,False
0-3,PEP,2,False
1-3,PEP,2,False
1-4,USD,2,False
1-5,PEP,2,False
1-6,PEP,2,False
2-6,PEP,2,False
2-7,USD,2,False
3-7,PEP,2,False
4-7,USD,2,False
5-7,USD,2,False
5-8,USD,2,False
6-8,PEP,2,False
6-9,USD,2,False
7-9,PEP,2,False
8-9,PEP,2,False
9-9,USD,2,False
9-10,USD,2,False
10-10,PEP,2,False
10-11,USD,2,False
11-11,PEP,2,False
12-11,USD,2,False
13-11,USD,2,False
14-11,USD,2,False
15-11,USD,2,False
15-12,USD,2,False
16-12,PEP,2,False
16-13,USD,2,False
17-13,PEP,2,False
17-14,USD,2,False
18-14,PEP,2,False
19-14,USD,2,False
20-14,USD,2,False
21-14,USD,2,False
22-14,USD,2,False
22-15,USD,2,False
22-16,PEP,2,False
22-17,PEP,2,False
23-17,PEP,2,False
24-17,USD,2,False
24-18,USD,2,False
25-18,PEP,2,False
1-0,PEP,12,False
1-1,USD,12,False
2-1,PEP,12,False
2-2,USD,12,False
3-2,PEP,12,False
3-3,USD,12,False
3-4,PEP,12,False
3-5,PEP,12,False
4-5,PEP,12,False
5-5,USD,12,False
5-6,USD,12,False
5-7,PEP,12,False
6-7,PEP,12,False
6-8,USD,12,False
7-8,PEP,12,False
8-8,USD,12,False
9-8,USD,12,False
9-9,USD,12,False
10-9,PEP,12,False
10-10,USD,12,False
11-10,PEP,12,False
11-11,USD,12,False
12-11,PEP,12,False
13-11,USD,12,False
13-12,USD,12,False
13-13,PEP,12,False
13-14,PEP,12,False
13-15,PEP,12,False
14-15,PEP,12,False
14-16,USD,12,False
15-16,PEP,12,False
15-17,USD,12,False
16-17,PEP,12,False
16-18,USD,12,False
17-18,PEP,12,False
18-18,USD,12,False
19-18,USD,12,False
19-19,USD,12,False
19-20,PEP,12,False
20-20,PEP,12,False
21-20,USD,12,False
21-21,USD,12,False
22-21,PEP,12,False
22-22,USD,12,False
23-22,PEP,12,False
24-22,USD,12,False
25-22,USD,12,False
1-0,USD,22,False
2-0,USD,22,False
3-0,USD,22,False
3-1,USD,22,False
3-2,PEP,22,False
3-3,PEP,22,False
3-4,PEP,22,False
4-4,PEP,22,False
4-5,USD,22,False
4-6,PEP,22,False
4-7,PEP,22,False
5-7,PEP,22,False
5-8,USD,22,False
5-9,PEP,22,False
5-10,PEP,22,False
5-11,PEP,22,False
6-11,PEP,22,False
6-12,USD,22,False
7-12,PEP,22,False
8-12,USD,22,False
9-12,USD,22,False
9-13,USD,22,False
10-13,PEP,22,False
11-13,USD,22,False
11-14,USD,22,False
11-15,PEP,22,False
0-1,PEP,0,False
1-1,UNI,0,False
1-2,PEP,0,False
2-2,UNI,0,False
2-3,PEP,0,False
2-4,UNI,0,False
3-4,UNI,0,False
3-5,PEP,0,False
3-6,UNI,0,False
4-6,UNI,0,False
5-6,PEP,0,False
5-7,PEP,0,False
5-8,UNI,0,False
6-8,UNI,0,False
7-8,PEP,0,False
7-9,PEP,0,False
8-9,UNI,0,False
8-10,PEP,0,False
9-10,UNI,0,False
9-11,PEP,0,False
10-11,UNI,0,False
10-12,PEP,0,False
11-12,UNI,0,False
11-13,PEP,0,False
11-14,UNI,0,False
12-14,UNI,0,False
12-15,PEP,0,False
12-16,UNI,0,False
13-16,UNI,0,False
14-16,PEP,0,False
14-17,PEP,0,False
15-17,UNI,0,False
15-18,PEP,0,False
15-19,UNI,0,False
16-19,UNI,0,False
17-19,PEP,0,False
18-19,PEP,0,False
18-20,PEP,0,False
19-20,UNI,0,False
20-20,PEP,0,False
20-21,PEP,0,False
21-21,UNI,0,False
21-22,PEP,0,False
22-22,UNI,0,False
23-22,PEP,0,False
24-22,PEP,0,False
25-22,PEP,0,False
0-1,UNI,10,False
1-1,UNI,10,False
2-1,PEP,10,False
3-1,PEP,10,False
4-1,PEP,10,False
4-2,PEP,10,False
4-3,UNI,10,False
5-3,UNI,10,False
6-3,PEP,10,False
6-4,PEP,10,False
7-4,UNI,10,False
7-5,PEP,10,False
8-5,UNI,10,False
9-5,PEP,10,False
10-5,PEP,10,False
11-5,PEP,10,False
11-6,PEP,10,False
11-7,UNI,10,False
12-7,UNI,10,False
13-7,PEP,10,False
13-8,PEP,10,False
13-9,UNI,10,False
14-9,UNI,10,False
14-10,PEP,10,False
14-11,UNI,10,False
15-11,UNI,10,False
15-12,PEP,10,False
16-12,UNI,10,False
16-13,PEP,10,False
17-13,UNI,10,False
17-14,PEP,10,False
18-14,UNI,10,False
18-15,PEP,10,False
19-15,UNI,10,False
19-16,PEP,10,False
19-17,UNI,10,False
19-18,UNI,10,False
19-19,UNI,10,False
20-19,UNI,10,False
20-20,PEP,10,False
21-20,UNI,10,False
22-20,PEP,10,False
23-20,PEP,10,False
23-21,PEP,10,False
24-21,UNI,10,False
25-21,PEP,10,False
1-0,PEP,20,False
1-1,PEP,20,False
1-2,UNI,20,False
2-2,UNI,20,False
3-2,PEP,20,False
3-3,PEP,20,False
4-3,UNI,20,False
4-4,PEP,20,False
5-4,UNI,20,False
5-5,PEP,20,False
5-6,UNI,20,False
5-7,UNI,20,False
6-7,UNI,20,False
7-7,PEP,20,False
7-8,PEP,20,False
7-9,UNI,20,False
8-9,UNI,20,False
8-10,PEP,20,False
9-10,UNI,20,False
9-11,PEP,20,False
10-11,UNI,20,False
10-12,PEP,20,False
11-12,UNI,20,False
11-13,PEP,20,False
12-13,UNI,20,False
13-13,PEP,20,False
13-14,PEP,20,False
14-14,UNI,20,False
14-15,PEP,20,False
14-16,UNI,20,False
14-17,UNI,20,False
15-17,UNI,20,False
15-18,PEP,20,False
16-18,UNI,20,False
16-19,PEP,20,False
17-19,UNI,20,False
17-20,PEP,20,False
17-21,UNI,20,False
18-21,UNI,20,False
18-22,PEP,20,False
18-23,UNI,20,False
18-24,UNI,20,False
19-24,UNI,20,False
19-25,PEP,20,False
0-1,UNI,21,False
1-1,UNI,21,False
2-1,PEP,21,False
2-2,PEP,21,False
2-3,UNI,21,False
2-4,UNI,21,False
2-5,UNI,21,False
3-5,UNI,21,False
3-6,PEP,21,False
3-7,UNI,21,False
3-8,UNI,21,False
4-8,UNI,21,False
5-8,PEP,21,False
5-9,PEP,21,False
5-10,UNI,21,False
5-11,UNI,21,False
5-12,UNI,21,False
5-13,UNI,21,False
5-14,UNI,21,False
6-14,UNI,21,False
6-15,PEP,21,False
7-15,UNI,21,False
7-16,PEP,21,False
7-17,UNI,21,False
8-17,UNI,21,False
9-17,PEP,21,False
9-18,PEP,21,False
10-18,UNI,21,False
11-18,PEP,21,False
12-18,PEP,21,False
13-18,PEP,21,False
13-19,PEP,21,False
14-19,UNI,21,False
14-20,PEP,21,False
15-20,UNI,21,False
16-20,PEP,21,False
17-20,PEP,21,False
17-21,PEP,21,False
17-22,UNI,21,False
18-22,UNI,21,False
18-23,PEP,21,False
19-23,UNI,21,False
19-24,PEP,21,False
20-24,UNI,21,False
20-25,PEP,21,False
0-1,PEP,22,False
1-1,UNI,22,False
2-1,PEP,22,False
2-2,PEP,22,False
3-2,UNI,22,False
3-3,PEP,22,False
4-3,UNI,22,False
5-3,PEP,22,False
6-3,PEP,22,False
7-3,PEP,22,False
7-4,PEP,22,False
8-4,UNI,22,False
8-5,PEP,22,False
9-5,UNI,22,False
9-6,PEP,22,False
9-7,UNI,22,False
9-8,UNI,22,False
9-9,UNI,22,False
10-9,UNI,22,False
10-10,PEP,22,False
10-11,UNI,22,False
11-11,UNI,22,False
11-12,PEP,22,False
12-12,UNI,22,False
13-12,PEP,22,False
13-13,PEP,22,False
14-13,UNI,22,False
15-13,PEP,22,False
0-1,WIS,0,False
1-1,WIS,0,False
2-1,PEP,0,False
2-2,PEP,0,False
2-3,WIS,0,False
3-3,WIS,0,False
3-4,PEP,0,False
4-4,WIS,0,False
4-5,PEP,0,False
4-6,WIS,0,False
5-6,WIS,0,False
5-7,PEP,0,False
5-8,WIS,0,False
6-8,WIS,0,False
6-9,PEP,0,False
7-9,WIS,0,False
7-10,PEP,0,False
7-11,WIS,0,False
7-12,WIS,0,False
8-12,WIS,0,False
8-13,PEP,0,False
9-13,WIS,0,False
10-13,PEP,0,False
10-14,PEP,0,False
10-15,WIS,0,False
11-15,WIS,0,False
12-15,PEP,0,False
12-16,PEP,0,False
13-16,WIS,0,False
13-17,PEP,0,False
14-17,WIS,0,False
14-18,PEP,0,False
14-19,WIS,0,False
14-20,WIS,0,False
15-20,WIS,0,False
15-21,PEP,0,False
15-22,WIS,0,False
16-22,WIS,0,False
16-23,PEP,0,False
16-24,WIS,0,False
16-25,WIS,0,False
0-1,PEP,1,False
1-1,WIS,1,False
1-2,PEP,1,False
2-2,WIS,1,False
2-3,PEP,1,False
2-4,WIS,1,False
3-4,WIS,1,False
3-5,PEP,1,False
4-5,WIS,1,False
4-6,PEP,1,False
4-7,WIS,1,False
5-7,WIS,1,False
5-8,PEP,1,False
5-9,WIS,1,False
5-10,WIS,1,False
6-10,WIS,1,False
6-11,PEP,1,False
6-12,WIS,1,False
6-13,WIS,1,False
7-13,WIS,1,False
7-14,PEP,1,False
7-15,WIS,1,False
7-16,WIS,1,False
7-17,WIS,1,False
8-17,WIS,1,False
8-18,PEP,1,False
8-19,WIS,1,False
9-19,WIS,1,False
9-20,PEP,1,False
10-20,WIS,1,False
10-21,PEP,1,False
10-22,WIS,1,False
10-23,WIS,1,False
11-23,WIS,1,False
12-23,PEP,1,False
12-24,PEP,1,False
12-25,WIS,1,False
1-0,WIS,2,False
2-0,PEP,2,False
2-1,PEP,2,False
2-2,WIS,2,False
2-3,WIS,2,False
3-3,WIS,2,False
3-4,PEP,2,False
3-5,WIS,2,False
3-6,WIS,2,False
4-6,WIS,2,False
4-7,PEP,2,False
5-7,WIS,2,False
6-7,PEP,2,False
6-8,PEP,2,False
6-9,WIS,2,False
6-10,WIS,2,False
7-10,WIS,2,False
8-10,PEP,2,False
8-11,PEP,2,False
9-11,WIS,2,False
10-11,PEP,2,False
11-11,PEP,2,False
11-12,PEP,2,False
12-12,WIS,2,False
13-12,PEP,2,False
14-12,PEP,2,False
15-12,PEP,2,False
16-12,PEP,2,False
16-13,PEP,2,False
17-13,WIS,2,False
18-13,PEP,2,False
19-13,PEP,2,False
20-13,PEP,2,False
21-13,PEP,2,False
22-13,PEP,2,False
22-14,PEP,2,False
23-14,WIS,2,False
24-14,PEP,2,False
24-15,PEP,2,False
25-15,WIS,2,False
1-0,PEP,12,False
1-1,PEP,12,False
2-1,WIS,12,False
2-2,PEP,12,False
2-3,WIS,12,False
3-3,WIS,12,False
3-4,PEP,12,False
4-4,WIS,12,False
5-4,PEP,12,False
5-5,PEP,12,False
5-6,WIS,12,False
5-7,WIS,12,False
6-7,WIS,12,False
6-8,PEP,12,False
6-9,WIS,12,False
6-10,WIS,12,False
6-11,WIS,12,False
7-11,WIS,12,False
8-11,PEP,12,False
8-12,PEP,12,False
8-13,WIS,12,False
8-14,WIS,12,False
9-14,WIS,12,False
9-15,PEP,12,False
9-16,WIS,12,False
9-17,WIS,12,False
9-18,WIS,12,False
10-18,WIS,12,False
10-19,PEP,12,False
10-20,WIS,12,False
11-20,WIS,12,False
12-20,PEP,12,False
12-21,PEP,12,False
12-22,WIS,12,False
13-22,WIS,12,False
13-23,PEP,12,False
13-24,WIS,12,False
13-25,WIS,12,False
